features,max_depth,acc_mean,acc_std,f1_mean,f1_std,above_73,norm_above_73,acc_mean_above_73
X1,1,0.6508461538461537,0.08795732558610656,0.6692040075505146,0.08972808646870228,0.17,0.18408356183138763,0.0
X1,2,0.6508461538461537,0.08795732558610656,0.6692040075505146,0.08972808646870228,0.17,0.18408356183138763,0.0
X1,3,0.6508461538461537,0.08795732558610656,0.6692040075505146,0.08972808646870228,0.17,0.18408356183138763,0.0
X1,4,0.6508461538461537,0.08795732558610656,0.6692040075505146,0.08972808646870228,0.17,0.18408356183138763,0.0
X1,5,0.6508461538461537,0.08795732558610656,0.6692040075505146,0.08972808646870228,0.17,0.18408356183138763,0.0
X1,6,0.6508461538461537,0.08795732558610656,0.6692040075505146,0.08972808646870228,0.17,0.18408356183138763,0.0
X3,1,0.5618000000000001,0.07223435069354708,0.5463792648798267,0.09566990346614497,0.0,0.00994193497946183,0.0
X3,2,0.5297076923076923,0.07067039754209253,0.5386780230413912,0.09560447610580296,0.0,0.002297204792491736,0.0
X3,3,0.5266461538461539,0.06806014743327445,0.5341208335468324,0.09708844883715505,0.0,0.0014047144239924814,0.0
X3,4,0.5266461538461539,0.06806014743327445,0.5341208335468324,0.09708844883715505,0.0,0.0014047144239924814,0.0
X3,5,0.5266461538461539,0.06806014743327445,0.5341208335468324,0.09708844883715505,0.0,0.0014047144239924814,0.0
X3,6,0.5266461538461539,0.06806014743327445,0.5341208335468324,0.09708844883715505,0.0,0.0014047144239924814,0.0
X6,1,0.6027538461538462,0.07507228705736671,0.7037684138185248,0.0800459700847232,0.04,0.045039444787654315,0.0
X6,2,0.5972153846153847,0.07643249564506281,0.7009648749112458,0.08099973372379264,0.04,0.041168915370186965,0.0
X6,3,0.5972153846153847,0.07643249564506281,0.7009648749112458,0.08099973372379264,0.04,0.041168915370186965,0.0
X6,4,0.5972153846153847,0.07643249564506281,0.7009648749112458,0.08099973372379264,0.04,0.041168915370186965,0.0
X6,5,0.5972153846153847,0.07643249564506281,0.7009648749112458,0.08099973372379264,0.04,0.041168915370186965,0.0
X6,6,0.5972153846153847,0.07643249564506281,0.7009648749112458,0.08099973372379264,0.04,0.041168915370186965,0.0
mean,1,0.5377076923076924,0.033561385954977124,0.6919596619410862,0.05120305010942979,0.0,5.034278882654064e-09,0.0
mean,2,0.5503692307692308,0.04069608532705259,0.6933180938873165,0.04880900471852132,0.0,5.074907212354596e-06,0.0
mean,3,0.5162461538461538,0.06730565095805534,0.6434933309308822,0.08834825625067991,0.0,0.0007469451985324671,0.0
mean,4,0.4912153846153847,0.0749530172367958,0.6137628994552213,0.09318516871470282,0.0,0.0007217952902262015,0.0
mean,5,0.4701692307692308,0.07560654772684439,0.5825508436260949,0.09268213748527553,0.0,0.0002945136269202342,0.0
mean,6,0.45152307692307686,0.0736103591243393,0.5517306294916335,0.09225383901461216,0.0,7.743692143014069e-05,0.0
F_w_mean,1,0.5972153846153846,0.07587367108883715,0.5508500486221662,0.1203303107959774,0.04,0.04005268597356104,0.0
F_w_mean,2,0.5825230769230769,0.0700057546239834,0.5622783506476607,0.11520019050442871,0.01,0.017574398261525737,0.0
F_w_mean,3,0.5931076923076923,0.09449172156219285,0.605244081674724,0.12763637386232413,0.06,0.07370751081779436,0.0
F_w_mean,4,0.5960307692307693,0.08415038102836454,0.6238906697882096,0.1052418257861263,0.06,0.05568991693140257,0.0
F_w_mean,5,0.617,0.09023686778524788,0.6418340063170187,0.10389300961340814,0.13,0.10523761007172794,0.0
F_w_mean,6,0.6143538461538461,0.09029342175282937,0.6394004119289738,0.10451149438299072,0.08,0.1001351930539165,0.0
above_4,1,0.6228153846153845,0.055313225357126704,0.7336782627990592,0.043865185462994574,0.01,0.026325306320726383,0.0
above_4,2,0.5987384615384616,0.07121943089689854,0.6946297349822257,0.08617064913830565,0.0,0.032660274822760016,0.0
above_4,3,0.6423384615384614,0.0836746248287776,0.6949350836542203,0.07801882931388901,0.13,0.14740044786823292,0.0
above_4,4,0.6383384615384614,0.08272938131368068,0.681622123201222,0.09052984497314986,0.11,0.13393773632591377,0.0
above_4,5,0.6383384615384614,0.08272938131368068,0.681622123201222,0.09052984497314986,0.11,0.13393773632591377,0.0
above_4,6,0.6383384615384614,0.08272938131368068,0.681622123201222,0.09052984497314986,0.11,0.13393773632591377,0.0
above_5,1,0.5285538461538463,0.04825490501480825,0.6427827343153509,0.10155287952026729,0.0,1.4923836471947283e-05,0.0
above_5,2,0.5614000000000001,0.08123808096463486,0.6107633302735918,0.10047665419363713,0.01,0.018975601581674106,0.0
above_5,3,0.5479692307692309,0.09050636775139248,0.5779421302327216,0.12134534806654831,0.01,0.022149623456521383,0.0
above_5,4,0.5519076923076924,0.09033104664602132,0.5804912559514802,0.11952984625955408,0.01,0.02433041600182806,0.0
above_5,5,0.5519076923076924,0.09033104664602132,0.5801591997573551,0.1196553576592954,0.01,0.02433041600182806,0.0
above_5,6,0.5519076923076924,0.09033104664602132,0.5801591997573551,0.1196553576592954,0.01,0.02433041600182806,0.0
"X1,X3",1,0.6441846153846152,0.08263989895569987,0.662499734046241,0.08584526386345588,0.15,0.14953598391323453,0.0
"X1,X3",2,0.6301846153846153,0.08179141605110508,0.6425306952439245,0.09878457673843623,0.1,0.11116326226400908,0.0
"X1,X3",3,0.6083230769230769,0.0881899764863486,0.6212062513703117,0.09971011255951316,0.1,0.08383739897979281,0.0
"X1,X3",4,0.6134461538461538,0.08308479165015879,0.6330497083482417,0.09480416502802849,0.08,0.08033375521885977,0.0
"X1,X3",5,0.613523076923077,0.08206687848565156,0.6449420927906249,0.08704316184889979,0.09,0.07790684703062889,0.0
"X1,X3",6,0.6344461538461538,0.0827154228873428,0.6723120091817644,0.0844164500063045,0.14,0.1240018182196454,0.0
"X1,X6",1,0.6413384615384615,0.08536913373159434,0.6634428006539628,0.08500890321962909,0.15,0.14950315262502323,0.0
"X1,X6",2,0.6286,0.07782215957367195,0.6599218437334616,0.08520804374164626,0.1,0.09629236866905866,0.0
"X1,X6",3,0.6094769230769231,0.07632187213165355,0.6582149964433007,0.07921471913766291,0.05,0.057151740277638696,0.0
"X1,X6",4,0.6215538461538461,0.07253890855560118,0.6760424611113656,0.07840173545311269,0.03,0.0674563476046165,0.0
"X1,X6",5,0.6551846153846154,0.0823928114862904,0.7195603986957502,0.08209383258758748,0.18,0.18193041642864283,0.0
"X1,X6",6,0.6551846153846154,0.0823928114862904,0.7195603986957502,0.08209383258758748,0.18,0.18193041642864283,0.0
"X1,mean",1,0.6437846153846152,0.08314168985362264,0.6651817853282922,0.08436548800909574,0.15,0.14987506932687022,0.0
"X1,mean",2,0.6437846153846152,0.08314168985362264,0.6651817853282922,0.08436548800909574,0.15,0.14987506932687022,0.0
"X1,mean",3,0.6167846153846154,0.09015098315222972,0.6451276798694168,0.0888674796983988,0.11,0.10458664310374899,0.0
"X1,mean",4,0.5599076923076924,0.08313468647125914,0.5984824186915723,0.09853471563151701,0.02,0.020378931419563373,0.0
"X1,mean",5,0.5703538461538461,0.07721846515534186,0.6135768511536092,0.0841877396292751,0.02,0.01934537463974162,0.0
"X1,mean",6,0.6028,0.08684731347593987,0.6495476288987162,0.08626560750807936,0.08,0.07150965868956605,0.0
"X1,F_w_mean",1,0.5976153846153847,0.07514573611858982,0.5521190186587912,0.11983255740687816,0.04,0.03905958043931246,0.0
"X1,F_w_mean",2,0.588476923076923,0.07029523370511549,0.5674792664067165,0.11391434130701371,0.01,0.02204327204449641,0.0
"X1,F_w_mean",3,0.5962615384615385,0.09544644522100047,0.6092752950681842,0.1273556287698367,0.06,0.08057885594514425,0.0
"X1,F_w_mean",4,0.5991692307692308,0.08454890255394759,0.6257073843438286,0.10669022503354993,0.06,0.06088369932901849,0.0
"X1,F_w_mean",5,0.6253230769230769,0.09371300011488558,0.6508663470453944,0.10851562157357642,0.13,0.131998298790601,0.0
"X1,F_w_mean",6,0.624676923076923,0.09080570844605823,0.6489141633898983,0.10941634327081617,0.09,0.12305028665983198,0.0
"X1,above_4",1,0.6104307692307692,0.0684501563572023,0.6631111784041921,0.07963380182535726,0.02,0.040335387534458755,0.0
"X1,above_4",2,0.6264461538461539,0.08474415237021812,0.6471759747849422,0.09070044511529916,0.1,0.1108616408236398,0.0
"X1,above_4",3,0.6654769230769232,0.07304025638820306,0.7309446862637498,0.06473281294288621,0.19,0.18851263017555686,0.0
"X1,above_4",4,0.6491692307692305,0.08029882650737519,0.7011313718917134,0.07757022895912487,0.15,0.15705761872889878,0.0
"X1,above_4",5,0.6722461538461537,0.08055103714911942,0.7211949234020311,0.07782031352530944,0.25,0.2366918262912081,3.7536640462576543e-13
"X1,above_4",6,0.6726461538461538,0.082064076566558,0.7212557998427741,0.08230549461597013,0.26,0.2423100700493448,1.3851142455223453e-12
"X1,above_5",1,0.6456461538461538,0.085030883355757,0.6669817853282923,0.0866662804333792,0.15,0.16058955555805488,0.0
"X1,above_5",2,0.6508461538461537,0.08795732558610656,0.6692040075505146,0.08972808646870228,0.17,0.18408356183138763,0.0
"X1,above_5",3,0.6262307692307693,0.09193833153116131,0.6596759187863244,0.10328766637885847,0.11,0.12951579407759728,0.0
"X1,above_5",4,0.6064923076923077,0.08451142704850717,0.6514070724721348,0.08873510019256628,0.06,0.07194848084772687,0.0
"X1,above_5",5,0.5936615384615386,0.07800812580948022,0.6544959557106264,0.08963796376153271,0.03,0.040253930222007295,0.0
"X1,above_5",6,0.5936615384615386,0.07800812580948022,0.6544959557106264,0.08963796376153271,0.03,0.040253930222007295,0.0
"X3,X6",1,0.5666615384615385,0.06587168987226014,0.6393940138501687,0.11205225343692646,0.0,0.006575646864929285,0.0
"X3,X6",2,0.5474769230769232,0.0716966060117874,0.6357956965931547,0.11348986057227253,0.0,0.005451848425475414,0.0
"X3,X6",3,0.5480615384615385,0.07061257577788935,0.6096711908085691,0.07782628402451465,0.0,0.004989255545787663,0.0
"X3,X6",4,0.5387076923076922,0.0823744430982064,0.593045444037293,0.08608302910997796,0.0,0.010110308348447505,0.0
"X3,X6",5,0.5327538461538461,0.0769954413466517,0.5859579469600302,0.08567310207774373,0.01,0.005206712713369588,0.0
"X3,X6",6,0.5319538461538461,0.07691595505492885,0.5855468781437889,0.08548799636581332,0.01,0.005014346660697888,0.0
"X3,mean",1,0.5261692307692308,0.04160023611676279,0.6382984266905926,0.11035063682602958,0.0,4.797926673738573e-07,0.0
"X3,mean",2,0.5352923076923076,0.05195119238797647,0.620997481818134,0.11782270321655762,0.0,8.916190135510593e-05,0.0
"X3,mean",3,0.5234769230769232,0.07500709867786519,0.553903067369059,0.11978960771957127,0.0,0.0029491656656017717,0.0
"X3,mean",4,0.4868769230769231,0.06396835571237063,0.5412392242338866,0.1280107798752773,0.0,7.215056503873107e-05,0.0
"X3,mean",5,0.4840615384615385,0.07166507241013782,0.5276844029907451,0.10503491712232042,0.0,0.00029982152590257716,0.0
"X3,mean",6,0.4792923076923077,0.07620757079289332,0.5115492643305218,0.1132891822656148,0.0,0.0005012924798060148,0.0
"X3,F_w_mean",1,0.5972153846153846,0.07587367108883715,0.5508500486221662,0.1203303107959774,0.04,0.04005268597356104,0.0
"X3,F_w_mean",2,0.582923076923077,0.06976121572145164,0.5611470240032905,0.11413690821644226,0.01,0.017502925484755738,0.0
"X3,F_w_mean",3,0.5868153846153846,0.09129580118280067,0.6032390167387033,0.12039110429739354,0.06,0.0583986563499469,0.0
"X3,F_w_mean",4,0.5992153846153846,0.09206750674812786,0.6298255519996621,0.11358302403681592,0.08,0.07772678372246,0.0
"X3,F_w_mean",5,0.6067384615384614,0.09287486777965692,0.6297516297713905,0.11023835196557119,0.12,0.09222480221141183,0.0
"X3,F_w_mean",6,0.6195076923076923,0.09611799454701313,0.6490568540513287,0.10845181791556745,0.11,0.12516491591247347,0.0
"X3,above_4",1,0.6204153846153845,0.05624328178157931,0.7287979756698967,0.06019600312753982,0.01,0.025683341848982688,0.0
"X3,above_4",2,0.577676923076923,0.07356886883416425,0.6796308888932677,0.08861179646109915,0.0,0.01920357794255778,0.0
"X3,above_4",3,0.5978615384615384,0.08283608823932298,0.6697687540084732,0.07746654284964885,0.06,0.05533600800408012,0.0
"X3,above_4",4,0.5950461538461539,0.08287627621800653,0.645139598464445,0.08887250577577048,0.05,0.05172245489964855,0.0
"X3,above_4",5,0.5746769230769231,0.08927304568788126,0.6207536407542454,0.10256504041531851,0.03,0.04094133403093925,0.0
"X3,above_4",6,0.5659846153846154,0.0857951033760879,0.6051596632588891,0.0961244384180829,0.02,0.027956679889500125,0.0
"X3,above_5",1,0.5201538461538463,0.055367304987135345,0.582314268821835,0.12344211311619813,0.0,7.530136589728453e-05,0.0
"X3,above_5",2,0.5216769230769231,0.07247349076666121,0.5356396604686604,0.10485325643822277,0.0,0.0020235132254171617,0.0
"X3,above_5",3,0.510523076923077,0.07966222182313783,0.5017221210700662,0.09896892258103387,0.01,0.0029337622285844356,0.0
"X3,above_5",4,0.5043538461538462,0.08176602642248845,0.49284436744904875,0.09970741765116553,0.0,0.00289310745652549,0.0
"X3,above_5",5,0.5209384615384616,0.07366384386855689,0.5009434913234999,0.10388761058563865,0.0,0.0022695164872136298,0.0
"X3,above_5",6,0.5301384615384616,0.08195773048223588,0.5010851129514904,0.1082426250673419,0.0,0.007372284431750864,0.0
"X6,mean",1,0.5594615384615386,0.04411033771681106,0.6909749598008362,0.03757847461826363,0.0,5.527690389495188e-05,0.0
"X6,mean",2,0.563846153846154,0.05375354673863157,0.6889071058521524,0.05419500855169903,0.0,0.0009973161151990428,0.0
"X6,mean",3,0.5614307692307693,0.07023991178169711,0.6779562201994312,0.0692499402946807,0.01,0.008199626883067634,0.0
"X6,mean",4,0.5475384615384615,0.08801062335016839,0.6588350445665483,0.09458861665752807,0.01,0.019077937600345263,0.0
"X6,mean",5,0.5463846153846155,0.0847784093872069,0.648587406374262,0.09060538727045019,0.01,0.015162197190678461,0.0
"X6,mean",6,0.5416153846153846,0.08338954711501519,0.6311744355522461,0.09386931854683948,0.02,0.011938847518324747,0.0
"X6,F_w_mean",1,0.5960153846153845,0.07676386446482462,0.5495422336301408,0.11900514661725486,0.04,0.04045653797852111,0.0
"X6,F_w_mean",2,0.5809230769230769,0.07050049309492253,0.5594595327696323,0.11426323038728316,0.01,0.01723409572317358,0.0
"X6,F_w_mean",3,0.5969538461538462,0.09519931877832943,0.6206484719051799,0.12320672347691741,0.07,0.08112357512331092,0.0
"X6,F_w_mean",4,0.6098153846153846,0.10306653908660145,0.6358808317324605,0.1174947613757131,0.1,0.12178951051662446,0.0
"X6,F_w_mean",5,0.634476923076923,0.0905366237314292,0.6704308065041152,0.09655629932782177,0.11,0.14569513698307457,0.0
"X6,F_w_mean",6,0.6449076923076923,0.09633415586280297,0.673988997129575,0.10105445065379126,0.16,0.18853612678147602,0.0
"X6,above_4",1,0.6108615384615385,0.061700870305447915,0.7235732184881327,0.050757160652912754,0.01,0.026747458448816985,0.0
"X6,above_4",2,0.5827846153846155,0.07223783696067732,0.6814614445121312,0.08615838565237208,0.0,0.02077865417991598,0.0
"X6,above_4",3,0.6132,0.08034104229422889,0.6739046448874495,0.07517250480677351,0.06,0.073000549139419,0.0
"X6,above_4",4,0.5897538461538462,0.08692926322438105,0.654987494773962,0.09522377237657922,0.03,0.053335709670586096,0.0
"X6,above_4",5,0.5770307692307692,0.07905035620772399,0.6337400415882001,0.08976911303127068,0.02,0.026489876900184117,0.0
"X6,above_4",6,0.5666461538461539,0.07576540560434249,0.6168540162147391,0.0881855428013258,0.02,0.015539961250317758,0.0
"X6,above_5",1,0.553,0.06489550088798883,0.6669440336180322,0.08728523061095193,0.0,0.0031911823026987696,0.0
"X6,above_5",2,0.5614153846153846,0.07855279158049547,0.6624708928128348,0.09951871904007031,0.01,0.015931246937771593,0.0
"X6,above_5",3,0.5452615384615386,0.0785646923724262,0.6449894047923204,0.09384376922348518,0.0,0.00935099611440604,0.0
"X6,above_5",4,0.5381538461538462,0.08014336266891761,0.6274048541821384,0.09668678741456176,0.01,0.008337710748744231,0.0
"X6,above_5",5,0.536076923076923,0.08091879924347566,0.6095322225236723,0.10513985084640237,0.0,0.008275918952087458,0.0
"X6,above_5",6,0.5415846153846153,0.08068184430217247,0.6046303752412134,0.10479312897049947,0.0,0.00976417679256647,0.0
"mean,F_w_mean",1,0.5972153846153846,0.07587367108883715,0.5508500486221662,0.1203303107959774,0.04,0.04005268597356104,0.0
"mean,F_w_mean",2,0.5884769230769231,0.07711099968350398,0.5580935673079651,0.11460809998425515,0.04,0.033229416446117654,0.0
"mean,F_w_mean",3,0.5940153846153846,0.09029678744277232,0.6438659278177087,0.12443762757412424,0.07,0.06603692240215364,0.0
"mean,F_w_mean",4,0.5925076923076924,0.09731195612427965,0.622727670590327,0.1197610477531814,0.07,0.07884219454194263,0.0
"mean,F_w_mean",5,0.5991846153846153,0.08956474766150263,0.6364620394789976,0.10708300504230149,0.09,0.07206704700280586,0.0
"mean,F_w_mean",6,0.6093384615384616,0.10100612319595739,0.6407846521728365,0.1049820176769681,0.15,0.11612240278095998,0.0
"mean,above_4",1,0.6168153846153845,0.055581809207625656,0.730124097665947,0.04486868525816013,0.01,0.020857071219518297,0.0
"mean,above_4",2,0.611876923076923,0.0684171264762433,0.7205142321672469,0.06889768990462666,0.01,0.042127556817387335,0.0
"mean,above_4",3,0.6136461538461538,0.07863529929909333,0.6771866882639782,0.06965735800363039,0.06,0.06948142689199377,0.0
"mean,above_4",4,0.5816,0.08102681855684442,0.6565982064615256,0.08328214066525091,0.01,0.033513542714477595,0.0
"mean,above_4",5,0.5602153846153847,0.07970003526537348,0.6178548183349085,0.09211265295338751,0.01,0.016573618161412673,0.0
"mean,above_4",6,0.5934923076923075,0.08517822734831468,0.6554473846710437,0.08518313738278664,0.06,0.05451011558671537,0.0
"mean,above_5",1,0.5245230769230771,0.04812548685683192,0.6615645219216814,0.09457827212445317,0.0,9.790877782300811e-06,0.0
"mean,above_5",2,0.5288769230769232,0.05512754656732463,0.6399758386438578,0.10575191223615861,0.0,0.00013197900752615066,0.0
"mean,above_5",3,0.5046307692307693,0.06931703855704978,0.5916491147752271,0.11089085139460692,0.0,0.0005744294769095548,0.0
"mean,above_5",4,0.49883076923076936,0.07355877414991277,0.5850459801425081,0.11464660227139621,0.0,0.0008371392707503533,0.0
"mean,above_5",5,0.5058153846153848,0.07640241639352276,0.592157303232543,0.11290353156605928,0.0,0.0016717157410385264,0.0
"mean,above_5",6,0.5006307692307693,0.08057870422118053,0.5660551747299124,0.11453799275738363,0.0,0.002209968548996022,0.0
"F_w_mean,above_4",1,0.5916615384615385,0.07651899404529665,0.5522714136813023,0.12167593723707464,0.04,0.035311264595696445,0.0
"F_w_mean,above_4",2,0.5782461538461539,0.07252961688471675,0.5682259321161781,0.12003857058365053,0.02,0.018205764515112577,0.0
"F_w_mean,above_4",3,0.6074,0.0698602815261379,0.6576809608299612,0.10271332346816965,0.03,0.039635523257134264,0.0
"F_w_mean,above_4",4,0.6087076923076923,0.09473931096129061,0.6454585399909166,0.11442602532631097,0.09,0.10022433651968665,0.0
"F_w_mean,above_4",5,0.6138923076923077,0.09341729373745938,0.6583916243328111,0.09659304327550186,0.12,0.1069536488604188,0.0
"F_w_mean,above_4",6,0.6201230769230769,0.0861812264184158,0.6574084243876088,0.08528558938708199,0.11,0.10116312404454242,0.0
"F_w_mean,above_5",1,0.5972153846153846,0.07587367108883715,0.5508500486221662,0.1203303107959774,0.04,0.04005268597356104,0.0
"F_w_mean,above_5",2,0.5833230769230769,0.06997234280339946,0.561862922431721,0.11494150067054525,0.01,0.01803165744058688,0.0
"F_w_mean,above_5",3,0.5902923076923078,0.0956024052085344,0.6045186904993927,0.1304012206898542,0.06,0.07196097345270602,0.0
"F_w_mean,above_5",4,0.5964769230769231,0.08834796589012718,0.620674965245904,0.11236750283205445,0.07,0.06535198720251201,0.0
"F_w_mean,above_5",5,0.608276923076923,0.09447701702298887,0.6323273617438327,0.11369146367051579,0.12,0.0988054265677798,0.0
"F_w_mean,above_5",6,0.6139538461538462,0.09588510259372039,0.6385650990447589,0.1091166322325171,0.11,0.11308907141178937,0.0
"above_4,above_5",1,0.6040153846153846,0.07285582585453784,0.7132933576421171,0.084755863636987,0.0,0.041883803022345845,0.0
"above_4,above_5",2,0.596676923076923,0.08320409639437673,0.6992070447089147,0.10145565385685501,0.0,0.054537798523572656,0.0
"above_4,above_5",3,0.6270923076923076,0.07581974731453697,0.6880131537618388,0.06697802510640474,0.05,0.08734808688281015,0.0
"above_4,above_5",4,0.6547230769230769,0.08357465004519919,0.7061898053182181,0.08647984145685061,0.16,0.1838699923672542,0.0
"above_4,above_5",5,0.6620615384615385,0.08443763708331148,0.6990200626033521,0.08272294216462654,0.2,0.2105254804661868,4.440892098500626e-16
"above_4,above_5",6,0.6408923076923077,0.0815939375866098,0.664917848170762,0.08246447621263352,0.12,0.13739739430598286,0.0
"X1,X3,X6",1,0.6401846153846152,0.08596993557334567,0.6615546887658509,0.0856645155462446,0.15,0.14807385050723587,0.0
"X1,X3,X6",2,0.6174307692307692,0.08169913197629748,0.6429043226417618,0.09466895607011949,0.08,0.08412464793392338,0.0
"X1,X3,X6",3,0.5907846153846154,0.07235595606927066,0.6269626473942771,0.11146871900527727,0.04,0.027175104597515043,0.0
"X1,X3,X6",4,0.6002923076923077,0.08712520949861478,0.6520842812673919,0.10355064811218243,0.08,0.06827655116218345,0.0
"X1,X3,X6",5,0.6139384615384615,0.09117038343984327,0.651086517617575,0.1052273379247406,0.09,0.10150582871123426,0.0
"X1,X3,X6",6,0.6515076923076922,0.09424768576569584,0.6990969260919637,0.09497590345006443,0.19,0.2024702837534067,0.0
"X1,X3,mean",1,0.6437846153846152,0.08314168985362264,0.6635664007129077,0.08522548461867328,0.15,0.14987506932687022,0.0
"X1,X3,mean",2,0.6301846153846153,0.08041042059114584,0.6420205815148337,0.09759369183542746,0.1,0.1072430417964052,0.0
"X1,X3,mean",3,0.5773384615384616,0.08087154106263929,0.5752294235960628,0.10632922456856422,0.02,0.029532843801988284,0.0
"X1,X3,mean",4,0.5468307692307692,0.0869047822817131,0.554546277420148,0.106672540654925,0.0,0.0175284631232544,0.0
"X1,X3,mean",5,0.5528461538461539,0.07840733421799008,0.5493468245222458,0.09781533063540954,0.0,0.011929132279599575,0.0
"X1,X3,mean",6,0.5588,0.08898496116540969,0.5577471054065095,0.10578353798951569,0.04,0.027182268253333364,0.0
"X1,X3,F_w_mean",1,0.5976153846153847,0.07514573611858982,0.5521190186587912,0.11983255740687816,0.04,0.03905958043931246,0.0
"X1,X3,F_w_mean",2,0.589676923076923,0.06922163871414913,0.5668719008587213,0.11252473489850119,0.01,0.021323218360846385,0.0
"X1,X3,F_w_mean",3,0.5891692307692308,0.09207429981482636,0.6065389292944654,0.11993100430606325,0.06,0.06306606233671241,0.0
"X1,X3,F_w_mean",4,0.6011692307692307,0.09221511254804453,0.6298569115958582,0.1135399515581059,0.08,0.08119658398761476,0.0
"X1,X3,F_w_mean",5,0.6142153846153845,0.09084328660882703,0.6384557047776227,0.10966578209135487,0.13,0.10123368883474193,0.0
"X1,X3,F_w_mean",6,0.6275076923076923,0.09128880758632213,0.6577167114335272,0.10119761353439516,0.14,0.13077696451841692,0.0
"X1,X3,above_4",1,0.6104307692307692,0.0684501563572023,0.6631111784041921,0.07963380182535726,0.02,0.040335387534458755,0.0
"X1,X3,above_4",2,0.6140615384615385,0.08488935227799488,0.6384888758327733,0.09160246560470114,0.08,0.0860071899438346,0.0
"X1,X3,above_4",3,0.6139076923076923,0.07544139776701794,0.6763274257015998,0.08794436516050194,0.05,0.06192157229657813,0.0
"X1,X3,above_4",4,0.5977076923076923,0.08083250122591698,0.6439351440204955,0.09913566971529439,0.04,0.05085466309588571,0.0
"X1,X3,above_4",5,0.5933692307692306,0.09386549485439447,0.6372069434048229,0.11515103212214689,0.07,0.0727513857652744,0.0
"X1,X3,above_4",6,0.5781538461538461,0.08816015549981454,0.6172675886812625,0.10426694602226545,0.05,0.042499463802849746,0.0
"X1,X3,above_5",1,0.6421846153846152,0.08223193638086572,0.6635664007129077,0.08491634856029678,0.14,0.14278308624370306,0.0
"X1,X3,above_5",2,0.6293846153846153,0.08208222173077648,0.6423659346250367,0.09711533304691357,0.1,0.11013927286776592,0.0
"X1,X3,above_5",3,0.5781538461538461,0.08327526181747633,0.5865812592637887,0.1108811027872642,0.04,0.03411956011473516,0.0
"X1,X3,above_5",4,0.5666615384615384,0.088101623677856,0.5758456039599774,0.11071131445013084,0.02,0.031871162300372013,0.0
"X1,X3,above_5",5,0.5629846153846154,0.08893740102889869,0.5862917653827308,0.1123395569286001,0.04,0.030197546872895997,0.0
"X1,X3,above_5",6,0.5744769230769231,0.08613024264580271,0.6181186444389624,0.09546597338027152,0.04,0.035484695112711795,0.0
"X1,X6,mean",1,0.6393846153846153,0.08670919909156462,0.6626145178256799,0.08464043357758166,0.15,0.14800010087674997,0.0
"X1,X6,mean",2,0.6266307692307691,0.07791687119339462,0.6596876094992274,0.08204626394884386,0.09,0.09231051607925478,0.0
"X1,X6,mean",3,0.6170307692307692,0.07629288162720195,0.6924891871618922,0.09257629583584644,0.06,0.06933914210485259,0.0
"X1,X6,mean",4,0.5927230769230769,0.09335022938077757,0.6693350569730048,0.1000348694045959,0.07,0.07070534983179488,0.0
"X1,X6,mean",5,0.5630153846153846,0.0927800529470213,0.6210052449965872,0.11005969043337906,0.05,0.0359468984676371,0.0
"X1,X6,mean",6,0.5661538461538462,0.09184344796941829,0.623777386861363,0.10368746104288731,0.02,0.0372140949031432,0.0
"X1,X6,F_w_mean",1,0.5964153846153846,0.07605076317750965,0.5508112036667656,0.1185158309926873,0.04,0.03949990955089766,0.0
"X1,X6,F_w_mean",2,0.5856769230769231,0.06873900385434441,0.564397728044245,0.11258022941671807,0.01,0.017882876710077267,0.0
"X1,X6,F_w_mean",3,0.5997076923076924,0.09548597468187013,0.6220059152674449,0.12305313446038259,0.07,0.08620233520988574,0.0
"X1,X6,F_w_mean",4,0.6115384615384616,0.10028515556170566,0.6423180809076199,0.11296210755133229,0.1,0.11875230893484767,0.0
"X1,X6,F_w_mean",5,0.6444461538461539,0.09194464375260203,0.6786917545703407,0.09902426782493425,0.15,0.17605794689960286,0.0
"X1,X6,F_w_mean",6,0.6600307692307692,0.09026246541460017,0.6896181575036513,0.09212380195006314,0.18,0.21911805030010645,4.551914400963142e-15
"X1,X6,above_4",1,0.6060307692307692,0.0706955067494124,0.6605439109015798,0.07985848870730372,0.02,0.039752458134356794,0.0
"X1,X6,above_4",2,0.6192461538461539,0.08536132599913945,0.6443063333908584,0.09004437758520126,0.1,0.09723458619013503,0.0
"X1,X6,above_4",3,0.6564461538461539,0.07653399909681631,0.7302103656493518,0.07245453676286298,0.15,0.16826073419016585,0.0
"X1,X6,above_4",4,0.6449384615384617,0.08506128525081613,0.6954841466575036,0.08332069059784288,0.14,0.15865453363325654,0.0
"X1,X6,above_4",5,0.6507846153846154,0.09408255093550848,0.6917513654513406,0.09289601263177724,0.19,0.1999002930039352,0.0
"X1,X6,above_4",6,0.6733692307692308,0.08902381703791408,0.7060921513507701,0.09107611635516805,0.24,0.2623456691665226,1.000231009129493e-10
"X1,X6,above_5",1,0.6393384615384615,0.084907260232778,0.6629299801411423,0.08452247422414495,0.14,0.14281183606622738,0.0
"X1,X6,above_5",2,0.6309538461538461,0.07840428680467103,0.6618522466638646,0.08397672892929275,0.11,0.10324523314451572,0.0
"X1,X6,above_5",3,0.5983846153846154,0.08170241136997512,0.6630051452122997,0.09652651223753363,0.03,0.05359946579121799,0.0
"X1,X6,above_5",4,0.6414461538461538,0.09376208592707636,0.7038687392548697,0.10308196698353145,0.13,0.1724692056294801,0.0
"X1,X6,above_5",5,0.6513230769230769,0.09221239183049419,0.7074737105195823,0.10392263739523727,0.16,0.19677026221754979,0.0
"X1,X6,above_5",6,0.6643230769230769,0.08675496200190892,0.7228522378540615,0.08385987355086935,0.2,0.22451313350848645,1.865174681370263e-14
"X1,mean,F_w_mean",1,0.5976153846153847,0.07514573611858982,0.5521190186587912,0.11983255740687816,0.04,0.03905958043931246,0.0
"X1,mean,F_w_mean",2,0.5944307692307692,0.0787183669912883,0.5635796377744903,0.11362153733029234,0.04,0.042516119323542045,0.0
"X1,mean,F_w_mean",3,0.5987384615384616,0.09005806936631591,0.6475992726872961,0.12310125256108422,0.08,0.07248629237478954,0.0
"X1,mean,F_w_mean",4,0.5924153846153846,0.09240872803881395,0.6110318999385111,0.1219540044798898,0.04,0.06826075612411886,0.0
"X1,mean,F_w_mean",5,0.5967538461538462,0.09317563614807056,0.62629896997589,0.1157690125829296,0.08,0.07635081807952482,0.0
"X1,mean,F_w_mean",6,0.6066153846153847,0.08715856460850754,0.6409880143492238,0.09159453439854102,0.07,0.07844136590798623,0.0
"X1,mean,above_4",1,0.6104307692307692,0.0684501563572023,0.6631111784041921,0.07963380182535726,0.02,0.040335387534458755,0.0
"X1,mean,above_4",2,0.6236461538461539,0.08144832608768093,0.648684205977384,0.08948396931799849,0.08,0.09581316768477743,0.0
"X1,mean,above_4",3,0.6152307692307692,0.07838080310801868,0.6907760391718218,0.07169715024449987,0.08,0.07156258299560603,0.0
"X1,mean,above_4",4,0.5996923076923076,0.07945256483696167,0.662088281280161,0.08589298925728558,0.05,0.0504954056606689,0.0
"X1,mean,above_4",5,0.6050307692307691,0.08029291199088703,0.663284646438808,0.08193069359432854,0.03,0.059804515851843654,0.0
"X1,mean,above_4",6,0.6105076923076923,0.08896087964104714,0.6594676596142226,0.08912668479550158,0.1,0.08960351230016883,0.0
"X1,mean,above_5",1,0.6417846153846153,0.08272653173713036,0.6646689648154718,0.08388595927451038,0.14,0.14313287089646431,0.0
"X1,mean,above_5",2,0.6437846153846152,0.08314168985362264,0.6651817853282922,0.08436548800909574,0.15,0.14987506932687022,0.0
"X1,mean,above_5",3,0.6016923076923077,0.09730972937971137,0.6239095771024784,0.10796268911384123,0.09,0.09365988770527167,0.0
"X1,mean,above_5",4,0.5573846153846155,0.09353453939145474,0.5954744029834454,0.1171267192633605,0.03,0.03248444531292771,0.0
"X1,mean,above_5",5,0.5695538461538462,0.09631440011046663,0.6156328475215206,0.11589928154760334,0.05,0.04787080907190855,0.0
"X1,mean,above_5",6,0.572323076923077,0.09869311589092906,0.6232947622693348,0.11282979895755571,0.07,0.055060596718181753,0.0
"X1,F_w_mean,above_4",1,0.5920615384615384,0.07582656011540358,0.5535403837179271,0.12116882636055554,0.04,0.03444570779737077,0.0
"X1,F_w_mean,above_4",2,0.5853538461538461,0.07430227086449849,0.5736296907210423,0.11978077914791878,0.02,0.02578380342324249,0.0
"X1,F_w_mean,above_4",3,0.6129692307692308,0.07215737403217315,0.659837608438108,0.10654006045997212,0.05,0.052414273860287075,0.0
"X1,F_w_mean,above_4",4,0.6087076923076923,0.09196789251928017,0.6452766637486677,0.1109073006523052,0.07,0.09360880946601668,0.0
"X1,F_w_mean,above_4",5,0.6216769230769231,0.09697168378254192,0.6630003290627152,0.10105217707190862,0.14,0.13198458316585004,0.0
"X1,F_w_mean,above_4",6,0.6244461538461539,0.08926601293375187,0.6591552500478042,0.08857309720991645,0.12,0.11851082212691,0.0
"X1,F_w_mean,above_5",1,0.5976153846153847,0.07514573611858982,0.5521190186587912,0.11983255740687816,0.04,0.03905958043931246,0.0
"X1,F_w_mean,above_5",2,0.589276923076923,0.07154870232739184,0.5672391365709984,0.1136751985503772,0.01,0.024602258461478455,0.0
"X1,F_w_mean,above_5",3,0.5926769230769231,0.09615301415024656,0.6078369124719428,0.12810404176774043,0.06,0.07662112740137861,0.0
"X1,F_w_mean,above_5",4,0.5972615384615385,0.08932238797794673,0.6220356035970935,0.11215407824596535,0.07,0.068631575823766,0.0
"X1,F_w_mean,above_5",5,0.6190153846153846,0.09066970293094491,0.646183650030099,0.11006273957425446,0.12,0.1104659227863769,0.0
"X1,F_w_mean,above_5",6,0.6194923076923077,0.08355165075086947,0.6448926254178283,0.09467705883092506,0.08,0.09297967931160023,0.0
"X1,above_4,above_5",1,0.6104307692307692,0.0684501563572023,0.6631111784041921,0.07963380182535726,0.02,0.040335387534458755,0.0
"X1,above_4,above_5",2,0.6244461538461539,0.08121179702685664,0.6482319823251602,0.08881229970447457,0.08,0.0968458393418351,0.0
"X1,above_4,above_5",3,0.6433384615384615,0.0733441446217478,0.7107425487279464,0.06588048317787445,0.11,0.1186873763732692,0.0
"X1,above_4,above_5",4,0.6314461538461539,0.09132795964554201,0.6845475315933602,0.09155145195881277,0.15,0.14026707352281798,0.0
"X1,above_4,above_5",5,0.6615076923076925,0.0759482788816755,0.7022621986577738,0.07581375235941824,0.16,0.18357404037197655,0.0
"X1,above_4,above_5",6,0.6639384615384617,0.07981200396138015,0.6885216857948183,0.07995062215937065,0.16,0.2039161541298421,1.1102230246251565e-16
"X3,X6,mean",1,0.549123076923077,0.04930247422287285,0.6565916542891419,0.0906613246722568,0.0,0.00012188442284677414,0.0
"X3,X6,mean",2,0.545123076923077,0.0584647995041896,0.6459856802496536,0.10640742022031054,0.0,0.000782931336244741,0.0
"X3,X6,mean",3,0.5357076923076923,0.07202836226386243,0.6246153353369196,0.1088770756270787,0.0,0.003493725977078088,0.0
"X3,X6,mean",4,0.5209230769230769,0.07726263516667943,0.6100641406225816,0.09816234686923489,0.0,0.0034043906821333847,0.0
"X3,X6,mean",5,0.5258769230769231,0.08225530467957064,0.5930435262053477,0.11568361876971062,0.02,0.006540076656853744,0.0
"X3,X6,mean",6,0.5346153846153845,0.08802595098797443,0.5910139046078523,0.11653047667327873,0.01,0.013222111519733293,0.0
"X3,X6,F_w_mean",1,0.5960153846153845,0.07676386446482462,0.5495422336301408,0.11900514661725486,0.04,0.04045653797852111,0.0
"X3,X6,F_w_mean",2,0.5813230769230769,0.07026678493490904,0.5585846163816724,0.11343687582342807,0.01,0.017177000041354362,0.0
"X3,X6,F_w_mean",3,0.5894615384615385,0.08788733374015088,0.6169386663179534,0.11637304567974487,0.05,0.05490193992183334,0.0
"X3,X6,F_w_mean",4,0.6065076923076923,0.1060366923208339,0.6376323464182463,0.11949543774982643,0.1,0.12208669896452773,0.0
"X3,X6,F_w_mean",5,0.6295692307692308,0.08850596342693627,0.6623230824105498,0.09696950671448053,0.12,0.12824329092650466,0.0
"X3,X6,F_w_mean",6,0.6416,0.09360724191880118,0.6728691127778752,0.10216028245687608,0.17,0.1724899513071434,0.0
"X3,X6,above_4",1,0.6084615384615385,0.06207554092446629,0.7186929313589699,0.06463019897070564,0.01,0.02512015555131708,0.0
"X3,X6,above_4",2,0.5665076923076924,0.07348786640579341,0.6701579590151522,0.08703489501530257,0.0,0.013048931982027057,0.0
"X3,X6,above_4",3,0.5826615384615385,0.07960489860339504,0.6551547491621854,0.07802117409101472,0.05,0.032093999670062656,0.0
"X3,X6,above_4",4,0.5925692307692308,0.07960317409151338,0.6433398154827795,0.10075560659524767,0.03,0.04213339113835757,0.0
"X3,X6,above_4",5,0.5729076923076923,0.07651581265201865,0.6020942032042522,0.08819852321830524,0.02,0.020032901982404705,0.0
"X3,X6,above_4",6,0.5641846153846154,0.08992385470480242,0.5880289844289495,0.1011779532124281,0.04,0.0325949764237774,0.0
"X3,X6,above_5",1,0.5407538461538463,0.06733629985458445,0.630412879972812,0.1151042837182971,0.0,0.002473516738087489,0.0
"X3,X6,above_5",2,0.534676923076923,0.07861234978336126,0.6296754009331959,0.11086559230250308,0.0,0.006484197484522003,0.0
"X3,X6,above_5",3,0.5213692307692309,0.0793073252248462,0.5871788700944103,0.12478904553329309,0.0,0.004260936787473524,0.0
"X3,X6,above_5",4,0.5321230769230769,0.07559571072018531,0.5892078407841909,0.10101822788589374,0.0,0.004427940395629659,0.0
"X3,X6,above_5",5,0.5232615384615384,0.08113493180969164,0.5608647108979732,0.11145641370211873,0.0,0.0054158499397590765,0.0
"X3,X6,above_5",6,0.5253230769230769,0.08569532379721813,0.546340806804493,0.12037471108071925,0.01,0.008460362167360347,0.0
"X3,mean,F_w_mean",1,0.5972153846153846,0.07587367108883715,0.5508500486221662,0.1203303107959774,0.04,0.04005268597356104,0.0
"X3,mean,F_w_mean",2,0.5888769230769231,0.07685808177236672,0.556962240663595,0.11349756734470874,0.04,0.03316763170003678,0.0
"X3,mean,F_w_mean",3,0.5940769230769231,0.08774259691626107,0.6431476209418957,0.120716913392529,0.06,0.06067744437537992,0.0
"X3,mean,F_w_mean",4,0.5924923076923077,0.097101491466251,0.6234617642623288,0.11749439760410323,0.08,0.07836969193539423,0.0
"X3,mean,F_w_mean",5,0.5987846153846154,0.09341928009512343,0.6348283981643817,0.10726426030296592,0.09,0.08007225617090774,0.0
"X3,mean,F_w_mean",6,0.6018769230769231,0.09918665208919354,0.6310669820600856,0.10646650963885869,0.11,0.09822410482152188,0.0
"X3,mean,above_4",1,0.6168153846153845,0.055581809207625656,0.7287747723286156,0.05348830840339435,0.01,0.020857071219518297,0.0
"X3,mean,above_4",2,0.5960153846153846,0.07087887659894869,0.7098740187418541,0.07138586331538802,0.0,0.02935677936708836,0.0
"X3,mean,above_4",3,0.5990000000000001,0.07726152467603958,0.6714897522630138,0.07381433498391493,0.04,0.044986521246547895,0.0
"X3,mean,above_4",4,0.6129384615384615,0.07160479802772797,0.6837406061107083,0.07034492580271225,0.02,0.051042540439206086,0.0
"X3,mean,above_4",5,0.5811230769230769,0.07083704276167192,0.6256533432454577,0.09535263806600039,0.0,0.017790579743255597,0.0
"X3,mean,above_4",6,0.5762307692307693,0.08129495570135462,0.618649117568608,0.10120213905685968,0.01,0.029278961446805862,0.0
"X3,mean,above_5",1,0.5157692307692309,0.0520647639480908,0.6238236978504222,0.12190855639520354,0.0,1.9384350277040774e-05,0.0
"X3,mean,above_5",2,0.5169076923076923,0.06369769393798926,0.5836842392605666,0.1275244609721288,0.0,0.0004108654369430198,0.0
"X3,mean,above_5",3,0.5090153846153846,0.0767783315092814,0.5307571123007598,0.12494179394967206,0.0,0.0019996565652283804,0.0
"X3,mean,above_5",4,0.4852307692307692,0.07761260191702996,0.5100005870047533,0.13121241039236953,0.0,0.0008059893303634658,0.0
"X3,mean,above_5",5,0.4837230769230769,0.07598323701772851,0.5066232992570068,0.1356375314018153,0.0,0.0005951366986767237,0.0
"X3,mean,above_5",6,0.5034307692307692,0.07604603246228193,0.5071445388168261,0.11979170628899752,0.0,0.0014442111160494209,0.0
"X3,F_w_mean,above_4",1,0.5916615384615385,0.07651899404529665,0.5522714136813023,0.12167593723707464,0.04,0.035311264595696445,0.0
"X3,F_w_mean,above_4",2,0.5782307692307692,0.07117455000242247,0.5686114317334618,0.11862624730150696,0.02,0.016488938917398555,0.0
"X3,F_w_mean,above_4",3,0.6046769230769231,0.07158887223038882,0.6518826557293458,0.10452735048641192,0.03,0.04000790258607867,0.0
"X3,F_w_mean,above_4",4,0.6007230769230768,0.0869467510306906,0.6344533771226267,0.10911928377377189,0.05,0.0685269939411488,0.0
"X3,F_w_mean,above_4",5,0.6086769230769231,0.08594439374716681,0.6530290266939963,0.08929420975841833,0.09,0.0790270807728739,0.0
"X3,F_w_mean,above_4",6,0.6101076923076922,0.08650840640480106,0.6446111905924977,0.09112492293165635,0.1,0.0828881780734636,0.0
"X3,F_w_mean,above_5",1,0.5972153846153846,0.07587367108883715,0.5508500486221662,0.1203303107959774,0.04,0.04005268597356104,0.0
"X3,F_w_mean,above_5",2,0.5837230769230769,0.06972309729105548,0.5609880060437612,0.11413848204897183,0.01,0.01795392524780881,0.0
"X3,F_w_mean,above_5",3,0.5848,0.08917246901801718,0.604892256331131,0.12144130173508932,0.05,0.051730087773279476,0.0
"X3,F_w_mean,above_5",4,0.5956461538461538,0.09028922757109298,0.6253606996908452,0.11442020469569367,0.07,0.0683703712180298,0.0
"X3,F_w_mean,above_5",5,0.6052,0.09123525219236012,0.6292705153517795,0.11133030340078792,0.12,0.08567289338695105,0.0
"X3,F_w_mean,above_5",6,0.6140153846153846,0.09784177421257798,0.6424023273604849,0.1125518490517995,0.11,0.11792365530386162,0.0
"X3,above_4,above_5",1,0.6040153846153846,0.07285582585453784,0.7119440323047858,0.08936406633536742,0.0,0.041883803022345845,0.0
"X3,above_4,above_5",2,0.5792,0.08624678503569906,0.6863008211304651,0.10320153551506682,0.0,0.04019125396581069,0.0
"X3,above_4,above_5",3,0.5902,0.07833856275297106,0.663660113366317,0.07352446207644901,0.02,0.03716621791095143,0.0
"X3,above_4,above_5",4,0.6271230769230769,0.08215288244897166,0.6873223815082542,0.08470429148911801,0.06,0.10523722706746419,0.0
"X3,above_4,above_5",5,0.6179846153846154,0.07233900958467919,0.6714870127960153,0.07991094736649614,0.01,0.06075359443736161,0.0
"X3,above_4,above_5",6,0.5916461538461538,0.08129055346619456,0.6317149500282673,0.0952559716487871,0.03,0.044380769524634434,0.0
"X6,mean,F_w_mean",1,0.5960153846153845,0.07676386446482462,0.5495422336301408,0.11900514661725486,0.04,0.04045653797852111,0.0
"X6,mean,F_w_mean",2,0.5860769230769232,0.07795534300455985,0.5568147821096753,0.11324667399350467,0.04,0.03242979561304826,0.0
"X6,mean,F_w_mean",3,0.590323076923077,0.09128544087627737,0.644289034049309,0.11753798374466139,0.07,0.06299453869497684,0.0
"X6,mean,F_w_mean",4,0.593923076923077,0.10739902371929638,0.6206736712465131,0.126080242627424,0.1,0.10257371636081403,0.0
"X6,mean,F_w_mean",5,0.6062307692307691,0.09224084117713308,0.6419592352110634,0.10563459685579325,0.08,0.08982959970059179,0.0
"X6,mean,F_w_mean",6,0.6209076923076924,0.1004070048712685,0.6517268274466612,0.10297233673999182,0.12,0.1386287070897374,0.0
"X6,mean,above_4",1,0.6068615384615385,0.0612363430010481,0.7210557359706502,0.051241155383980524,0.01,0.022169477194723508,0.0
"X6,mean,above_4",2,0.5959230769230769,0.07243078720344852,0.7078165299324461,0.07312578119653444,0.01,0.032077293242404714,0.0
"X6,mean,above_4",3,0.5992615384615384,0.0781806374430774,0.6670571779992863,0.07209877065223386,0.03,0.04723639469054319,0.0
"X6,mean,above_4",4,0.573923076923077,0.08263511438957118,0.6551152731286441,0.08599164977924216,0.01,0.02946278874375552,0.0
"X6,mean,above_4",5,0.5694615384615385,0.07427165075928283,0.6282801201077155,0.08632482065349129,0.01,0.015328218652617798,0.0
"X6,mean,above_4",6,0.5726923076923076,0.08598262518857823,0.6241029228811957,0.09696505340076944,0.04,0.033660211667590034,0.0
"X6,mean,above_5",1,0.5422923076923079,0.05870616632430568,0.6670439343266656,0.08343199106641103,0.0,0.000693338008371569,0.0
"X6,mean,above_5",2,0.548323076923077,0.06468973561154137,0.6651425455225484,0.0859493784430341,0.0,0.0024891459023365092,0.0
"X6,mean,above_5",3,0.5404307692307693,0.072645717263211,0.6497933165704753,0.08230408282592677,0.0,0.004533690063350693,0.0
"X6,mean,above_5",4,0.5312461538461539,0.09278433223175293,0.6365043750693445,0.10730989018895201,0.01,0.01609248901121252,0.0
"X6,mean,above_5",5,0.5249846153846155,0.08307011937952063,0.6235146010435109,0.10120277612256454,0.0,0.006793897527719195,0.0
"X6,mean,above_5",6,0.5263538461538462,0.08876953872763539,0.6151693802469649,0.09568752336332123,0.01,0.010892392224671754,0.0
"X6,F_w_mean,above_4",1,0.5904615384615384,0.07731561383066059,0.5509635986892767,0.12038103128286154,0.04,0.03555375987572729,0.0
"X6,F_w_mean,above_4",2,0.5766,0.07282736172198342,0.5689437658245522,0.11875306696543386,0.02,0.017586928912076027,0.0
"X6,F_w_mean,above_4",3,0.6085846153846154,0.07440022268847503,0.6612805650752946,0.10360078830812812,0.04,0.05134792485537942,0.0
"X6,F_w_mean,above_4",4,0.6143846153846153,0.10500456456688755,0.6511404285623166,0.11774309019641264,0.13,0.13543722278808723,0.0
"X6,F_w_mean,above_4",5,0.6419538461538461,0.09554895396366354,0.6771071618204343,0.09471131625211614,0.12,0.17840074820165275,0.0
"X6,F_w_mean,above_4",6,0.6450461538461538,0.09031439629159237,0.6771987150516395,0.08985148689037711,0.16,0.1734432337969538,0.0
"X6,F_w_mean,above_5",1,0.5960153846153845,0.07676386446482462,0.5495422336301408,0.11900514661725486,0.04,0.04045653797852111,0.0
"X6,F_w_mean,above_5",2,0.5805230769230769,0.07050459551097134,0.5594277362672476,0.114222915573779,0.01,0.016998728672278474,0.0
"X6,F_w_mean,above_5",3,0.5930153846153847,0.09564590019886932,0.616692538953477,0.12377194739431663,0.07,0.07604246261452319,0.0
"X6,F_w_mean,above_5",4,0.5967846153846154,0.10410215624525385,0.6246092933603731,0.12172026503095104,0.09,0.10033233638374672,0.0
"X6,F_w_mean,above_5",5,0.6237076923076923,0.09315333036762498,0.6583050848813862,0.10278515062915186,0.12,0.1269252281594232,0.0
"X6,F_w_mean,above_5",6,0.6285692307692308,0.09256381262828375,0.6613046155087301,0.09938598860626705,0.14,0.1365847068423277,0.0
"X6,above_4,above_5",1,0.5920615384615384,0.0748729005889551,0.7031883133311904,0.08616095718435551,0.0,0.032715525878750706,0.0
"X6,above_4,above_5",2,0.5803230769230769,0.08463840106542209,0.6853843424741142,0.10285004476634746,0.0,0.03849468483337293,0.0
"X6,above_4,above_5",3,0.6075230769230768,0.08231528218060953,0.6724910522520925,0.0744656929562117,0.05,0.06838861026582321,0.0
"X6,above_4,above_5",4,0.6302153846153846,0.08275536629661895,0.687122669251097,0.08727646493617265,0.08,0.11395151450151864,0.0
"X6,above_4,above_5",5,0.6213230769230769,0.08768178614342761,0.6665419122442532,0.0889336449955917,0.08,0.1075900102953441,0.0
"X6,above_4,above_5",6,0.605876923076923,0.08389663406299798,0.6383280420495574,0.08669412745610558,0.06,0.06950653816363439,0.0
"mean,F_w_mean,above_4",1,0.5916615384615385,0.07651899404529665,0.5522714136813023,0.12167593723707464,0.04,0.035311264595696445,0.0
"mean,F_w_mean,above_4",2,0.5794,0.07656405293075486,0.567757938430793,0.12027766512376054,0.04,0.02459272878645824,0.0
"mean,F_w_mean,above_4",3,0.5996,0.07618402510023589,0.6649584097924561,0.10387336006858702,0.03,0.04348106186469758,0.0
"mean,F_w_mean,above_4",4,0.6041230769230769,0.09121997082285807,0.641720758996473,0.1097188148212027,0.07,0.08380452339991007,0.0
"mean,F_w_mean,above_4",5,0.6032307692307692,0.08704525110334836,0.6482790249751925,0.08692027950904178,0.08,0.07264654945773186,0.0
"mean,F_w_mean,above_4",6,0.6058,0.08728457301488352,0.642237448396975,0.08708086514409702,0.08,0.07737795435164607,0.0
"mean,F_w_mean,above_5",1,0.5972153846153846,0.07587367108883715,0.5508500486221662,0.1203303107959774,0.04,0.04005268597356104,0.0
"mean,F_w_mean,above_5",2,0.5880769230769232,0.07715392284680596,0.5580617708055804,0.11456752742287062,0.04,0.032922328537888124,0.0
"mean,F_w_mean,above_5",3,0.5904461538461538,0.09350437005260723,0.6395233098214991,0.13169702265699892,0.08,0.06778605637106871,0.0
"mean,F_w_mean,above_5",4,0.5885384615384617,0.09596310311657973,0.6204650542022209,0.11882679913596161,0.06,0.07022406872352849,0.0
"mean,F_w_mean,above_5",5,0.5963538461538461,0.088253442194464,0.6315432286785849,0.10685974261649525,0.08,0.06496918774519744,0.0
"mean,F_w_mean,above_5",6,0.607769230769231,0.09735444301090987,0.6371522187865842,0.10388607181150289,0.11,0.10464443194232631,0.0
"mean,above_4,above_5",1,0.6012153846153846,0.0732844970972231,0.7111377939076061,0.08512643607542393,0.0,0.03943128823080455,0.0
"mean,above_4,above_5",2,0.596676923076923,0.0808635990839187,0.7027602516412291,0.09657436071978147,0.0,0.049600422169640224,0.0
"mean,above_4,above_5",3,0.6005076923076923,0.07794158182584436,0.669483414656557,0.0673595946827021,0.02,0.048316358202827314,0.0
"mean,above_4,above_5",4,0.5759846153846154,0.08457478606458206,0.6508711229888304,0.08811811557388037,0.01,0.03429920562652289,0.0
"mean,above_4,above_5",5,0.5736461538461539,0.08188161608843854,0.634271964838765,0.08833490285488278,0.02,0.028098102408055436,0.0
"mean,above_4,above_5",6,0.5752153846153846,0.08693216970821283,0.623419280321635,0.08513608088069863,0.04,0.03749530987097616,0.0
"F_w_mean,above_4,above_5",1,0.5916615384615385,0.07651899404529665,0.5522714136813023,0.12167593723707464,0.04,0.035311264595696445,0.0
"F_w_mean,above_4,above_5",2,0.5778461538461539,0.07251884064517791,0.5681941356137934,0.12000251886139225,0.02,0.017946897898508563,0.0
"F_w_mean,above_4,above_5",3,0.6027384615384616,0.06880160311879352,0.6545267409301058,0.10036387520060366,0.04,0.03217922487095426,0.0
"F_w_mean,above_4,above_5",4,0.6055692307692307,0.09013041963942417,0.6455573225561322,0.10828557574946919,0.07,0.0837066034871703,0.0
"F_w_mean,above_4,above_5",5,0.6099230769230768,0.0932049659646597,0.6550169607516607,0.09236907580865046,0.13,0.09881897444786159,0.0
"F_w_mean,above_4,above_5",6,0.6138923076923077,0.0839361422530924,0.6504288587407129,0.08116022755789226,0.05,0.08328859115842846,0.0
"X1,X3,X6,mean",1,0.6393846153846153,0.08670919909156462,0.6609991332102954,0.08544914516144242,0.15,0.14800010087674997,0.0
"X1,X3,X6,mean",2,0.6158307692307692,0.08221901621412733,0.6417816475473124,0.09387371754851762,0.08,0.08247738473113331,0.0
"X1,X3,X6,mean",3,0.5872,0.07412507581045248,0.6373257509797429,0.10709413917872694,0.02,0.02702263397229543,0.0
"X1,X3,X6,mean",4,0.5636153846153846,0.09049302827113519,0.6291555695701505,0.0999173073884233,0.04,0.03298365901078648,0.0
"X1,X3,X6,mean",5,0.5489846153846153,0.09060290367226734,0.5870406718626829,0.11438197724712902,0.03,0.022863845058788135,0.0
"X1,X3,X6,mean",6,0.5650153846153847,0.09346065083465806,0.6077865289252178,0.10247440726679721,0.04,0.03875800217122183,0.0
"X1,X3,X6,F_w_mean",1,0.5964153846153846,0.07605076317750965,0.5508112036667656,0.1185158309926873,0.04,0.03949990955089766,0.0
"X1,X3,X6,F_w_mean",2,0.5876769230769231,0.06760431168631097,0.5648330966018643,0.1122067832662883,0.01,0.01763535527044624,0.0
"X1,X3,X6,F_w_mean",3,0.5933692307692308,0.08901610651412986,0.6194788009907995,0.11685045627921149,0.05,0.06240426943452093,0.0
"X1,X3,X6,F_w_mean",4,0.6110153846153846,0.10326291371597272,0.6451577290567883,0.11583513185517923,0.1,0.1246093314266985,0.0
"X1,X3,X6,F_w_mean",5,0.6410923076923076,0.08895482398419532,0.6785150781946082,0.09488760373709086,0.16,0.15878349326314378,0.0
"X1,X3,X6,F_w_mean",6,0.6535846153846154,0.08571234539928395,0.6865088687564256,0.08939840931067689,0.19,0.18632164740728785,0.0
"X1,X3,X6,above_4",1,0.6060307692307692,0.0706955067494124,0.6605439109015798,0.07985848870730372,0.02,0.039752458134356794,0.0
"X1,X3,X6,above_4",2,0.6096615384615385,0.08465567711996079,0.6374432099585479,0.09025116399154258,0.08,0.07758501212737345,0.0
"X1,X3,X6,above_4",3,0.6190461538461539,0.0766224216725012,0.681634436892872,0.08809050917417201,0.07,0.07380016798032862,0.0
"X1,X3,X6,above_4",4,0.6122615384615384,0.08797106974696871,0.6588252265711401,0.09999053126803038,0.11,0.09038677681078022,0.0
"X1,X3,X6,above_4",5,0.6265076923076923,0.08996037391951883,0.6683463850323341,0.10168331783123251,0.13,0.12498524746183826,0.0
"X1,X3,X6,above_4",6,0.6361999999999999,0.09873698371260245,0.667355412062244,0.10325348523459832,0.16,0.17105647245859146,0.0
"X1,X3,X6,above_5",1,0.6381846153846154,0.08548431601190752,0.6610418682530304,0.08517046272697076,0.14,0.14139763284061346,0.0
"X1,X3,X6,above_5",2,0.6198307692307692,0.08173934470848651,0.6448576147612107,0.0949217710722119,0.09,0.0888595052140484,0.0
"X1,X3,X6,above_5",3,0.5812307692307692,0.07871993649874766,0.625058700104766,0.10901767475108623,0.05,0.029388707266541636,0.0
"X1,X3,X6,above_5",4,0.5903538461538462,0.09572738783161842,0.6443413156982929,0.11585765165363193,0.08,0.07231146112791664,0.0
"X1,X3,X6,above_5",5,0.5800461538461539,0.0964939106519132,0.6105437666191799,0.11888014934434443,0.06,0.06008935444680297,0.0
"X1,X3,X6,above_5",6,0.6063076923076923,0.09836834531975591,0.6463535402255575,0.10857816150880578,0.1,0.1042971476943435,0.0
"X1,X3,mean,F_w_mean",1,0.5976153846153847,0.07514573611858982,0.5521190186587912,0.11983255740687816,0.04,0.03905958043931246,0.0
"X1,X3,mean,F_w_mean",2,0.5956307692307692,0.0776692181988547,0.5629722722264952,0.11220719920621759,0.04,0.04181343161508522,0.0
"X1,X3,mean,F_w_mean",3,0.5987846153846154,0.08847673314319594,0.6476441379612244,0.12012871217087749,0.07,0.06903061520837794,0.0
"X1,X3,mean,F_w_mean",4,0.5916,0.09202248760412897,0.6094935181155461,0.11711941613281009,0.06,0.06629323153076716,0.0
"X1,X3,mean,F_w_mean",5,0.5967230769230769,0.09108800738163833,0.6241318494604777,0.10982205626400497,0.06,0.07171090930200141,0.0
"X1,X3,mean,F_w_mean",6,0.6043230769230769,0.08726364731096124,0.6335238480709416,0.09664517350931104,0.07,0.07490570620826242,0.0
"X1,X3,mean,above_4",1,0.6104307692307692,0.0684501563572023,0.6631111784041921,0.07963380182535726,0.02,0.040335387534458755,0.0
"X1,X3,mean,above_4",2,0.6132615384615385,0.08096950408466125,0.6397091739308303,0.09104945729508096,0.06,0.07468527306540351,0.0
"X1,X3,mean,above_4",3,0.5901538461538461,0.08129368193096861,0.6465511084938268,0.09811558390957603,0.04,0.04269272445687322,0.0
"X1,X3,mean,above_4",4,0.5750000000000001,0.07548074718275034,0.623009966371183,0.09648547873268903,0.02,0.02001187153607853,0.0
"X1,X3,mean,above_4",5,0.5845692307692307,0.07887596584616687,0.6244352416652587,0.10124842665981729,0.03,0.03260682711139484,0.0
"X1,X3,mean,above_4",6,0.5833846153846153,0.08454010637442336,0.615730201811304,0.09357828786299642,0.05,0.04143507887262021,0.0
"X1,X3,mean,above_5",1,0.6417846153846153,0.08272653173713036,0.6630535802000871,0.08474104684358062,0.14,0.14313287089646431,0.0
"X1,X3,mean,above_5",2,0.6317846153846154,0.08137988062423168,0.6447128892071414,0.09735196982191702,0.11,0.11374004595836662,0.0
"X1,X3,mean,above_5",3,0.5713846153846154,0.07943677475471896,0.5666299780550915,0.10751867857082166,0.02,0.022926170632923015,0.0
"X1,X3,mean,above_5",4,0.5401538461538461,0.0939584447993496,0.5461136655033502,0.11216006903517622,0.0,0.021664056811693144,0.0
"X1,X3,mean,above_5",5,0.5688307692307693,0.08423989975100382,0.5804556937190192,0.10421023256139163,0.03,0.0278601219570902,0.0
"X1,X3,mean,above_5",6,0.5660461538461539,0.08927353219345507,0.586647383021879,0.11026084798135018,0.05,0.03313938485625312,0.0
"X1,X3,F_w_mean,above_4",1,0.5920615384615384,0.07582656011540358,0.5535403837179271,0.12116882636055554,0.04,0.03444570779737077,0.0
"X1,X3,F_w_mean,above_4",2,0.5849846153846153,0.07374419884916593,0.5728222409073345,0.11894828140629302,0.02,0.024622461805507534,0.0
"X1,X3,F_w_mean,above_4",3,0.6066461538461538,0.069194821436358,0.6511654295664612,0.1028201680460824,0.03,0.037317295601968725,0.0
"X1,X3,F_w_mean,above_4",4,0.6007692307692307,0.08610974145800518,0.6336087487963907,0.10959901155779629,0.05,0.06670775183551292,0.0
"X1,X3,F_w_mean,above_4",5,0.6161692307692307,0.09321489963945088,0.6575268899561445,0.09745209190473983,0.13,0.11101178405577727,0.0
"X1,X3,F_w_mean,above_4",6,0.6109230769230769,0.08896525483607261,0.6421416736704496,0.09313092296517515,0.12,0.09037237196177483,0.0
"X1,X3,F_w_mean,above_5",1,0.5976153846153847,0.07514573611858982,0.5521190186587912,0.11983255740687816,0.04,0.03905958043931246,0.0
"X1,X3,F_w_mean,above_5",2,0.590876923076923,0.07064680212782157,0.5671180663368848,0.1127653037755869,0.01,0.024460682500352937,0.0
"X1,X3,F_w_mean,above_5",3,0.5875692307692307,0.08972744528777037,0.6085604930628168,0.11959824671071864,0.05,0.056214290556238056,0.0
"X1,X3,F_w_mean,above_5",4,0.5956923076923076,0.09178106184616447,0.6243637364075966,0.11394622943062127,0.07,0.07168600191930352,0.0
"X1,X3,F_w_mean,above_5",5,0.6103076923076922,0.09148285318044853,0.6330826989049811,0.1165113457179201,0.1,0.0953759836101582,0.0
"X1,X3,F_w_mean,above_5",6,0.6179692307692307,0.08889988518439614,0.6482312973029646,0.10055760605392791,0.09,0.10380036821003857,0.0
"X1,X3,above_4,above_5",1,0.6104307692307692,0.0684501563572023,0.6631111784041921,0.07963380182535726,0.02,0.040335387534458755,0.0
"X1,X3,above_4,above_5",2,0.6120615384615384,0.08105830175881844,0.6391596981878062,0.09043415474319395,0.06,0.0728369660651117,0.0
"X1,X3,above_4,above_5",3,0.5972615384615384,0.0743325583494153,0.6538726924891004,0.09730847415134354,0.02,0.03707085844551927,0.0
"X1,X3,above_4,above_5",4,0.5865692307692308,0.07912086626984023,0.6327820749331182,0.09917138049892087,0.03,0.034930885688486235,0.0
"X1,X3,above_4,above_5",5,0.5971846153846154,0.08669938678352375,0.638043406605947,0.1148218215940796,0.04,0.0627727112975166,0.0
"X1,X3,above_4,above_5",6,0.6075076923076923,0.08323070666853896,0.6446069517253035,0.08974335314832069,0.05,0.0705482326535315,0.0
"X1,X6,mean,F_w_mean",1,0.5964153846153846,0.07605076317750965,0.5508112036667656,0.1185158309926873,0.04,0.03949990955089766,0.0
"X1,X6,mean,F_w_mean",2,0.5908307692307692,0.07868623030897265,0.5620830667322804,0.11195026404266414,0.04,0.038475270388654836,0.0
"X1,X6,mean,F_w_mean",3,0.5958,0.0908036062678273,0.6482540389749967,0.11783832753546111,0.08,0.06971528276679229,0.0
"X1,X6,mean,F_w_mean",4,0.5919846153846154,0.09702565877920367,0.6141209199282812,0.12400127435250953,0.07,0.0774459801162799,0.0
"X1,X6,mean,F_w_mean",5,0.6197384615384615,0.10266970191983463,0.6532372132107613,0.11458120559464963,0.15,0.141423829237589,0.0
"X1,X6,mean,F_w_mean",6,0.6362307692307693,0.10213076082989056,0.6685956905744405,0.10400728654940103,0.18,0.17927562224418325,0.0
"X1,X6,mean,above_4",1,0.6060307692307692,0.0706955067494124,0.6605439109015798,0.07985848870730372,0.02,0.039752458134356794,0.0
"X1,X6,mean,above_4",2,0.6164461538461539,0.08184433051757356,0.6458145645833002,0.08886763258251427,0.08,0.08265428621854287,0.0
"X1,X6,mean,above_4",3,0.6207076923076922,0.07369099725830203,0.7013699835925151,0.07434494329025584,0.06,0.06902177774689455,0.0
"X1,X6,mean,above_4",4,0.6098769230769231,0.09020035030567383,0.6770324980328408,0.09388763045485266,0.09,0.09147343526056684,0.0
"X1,X6,mean,above_4",5,0.6055846153846154,0.08721995727323857,0.6565013651067174,0.09969029154664244,0.11,0.07686845681683907,0.0
"X1,X6,mean,above_4",6,0.6302307692307692,0.08216922212780621,0.6799999301421393,0.07920922183567236,0.13,0.11233716410912953,0.0
"X1,X6,mean,above_5",1,0.6373846153846153,0.0862091855235801,0.6621016973128594,0.08414682702109734,0.14,0.14134189653881768,0.0
"X1,X6,mean,above_5",2,0.6278307692307692,0.07902964614886113,0.6599513457629637,0.08235499497174723,0.1,0.0980407675781152,0.0
"X1,X6,mean,above_5",3,0.6070769230769231,0.08428354511013025,0.682280715138999,0.10136368242394019,0.06,0.07235869765910352,0.0
"X1,X6,mean,above_5",4,0.5875230769230769,0.09906853643434228,0.6652447118945607,0.10883176598323936,0.08,0.07519359107939938,0.0
"X1,X6,mean,above_5",5,0.5608615384615385,0.09407571418809425,0.6248710568935578,0.11038921198734834,0.05,0.03609665130722639,0.0
"X1,X6,mean,above_5",6,0.5684615384615385,0.10124164075362077,0.6308547305212239,0.11051509021847684,0.05,0.055292043330226304,0.0
"X1,X6,F_w_mean,above_4",1,0.5908615384615384,0.076636642092687,0.5522325687259017,0.11988228654757917,0.04,0.03471890742860806,0.0
"X1,X6,F_w_mean,above_4",2,0.5817538461538462,0.07207229112446055,0.5731191487716467,0.11902914352773791,0.02,0.019847483654955145,0.0
"X1,X6,F_w_mean,above_4",3,0.6093692307692308,0.07412897604012479,0.6571872590113227,0.10666461469911079,0.06,0.05183571598112091,0.0
"X1,X6,F_w_mean,above_4",4,0.612,0.10145311098143146,0.6491283188802064,0.11539165252086221,0.11,0.12239469275381676,0.0
"X1,X6,F_w_mean,above_4",5,0.6430923076923076,0.09351327975814054,0.6763991264204152,0.09615461977736539,0.13,0.17635074704605147,0.0
"X1,X6,F_w_mean,above_4",6,0.6486153846153845,0.09272903836562212,0.6773745596862364,0.09636764665404614,0.18,0.19006398967540084,0.0
"X1,X6,F_w_mean,above_5",1,0.5964153846153846,0.07605076317750965,0.5508112036667656,0.1185158309926873,0.04,0.03949990955089766,0.0
"X1,X6,F_w_mean,above_5",2,0.5856769230769231,0.06873900385434441,0.564397728044245,0.11258022941671807,0.01,0.017882876710077267,0.0
"X1,X6,F_w_mean,above_5",3,0.5953846153846153,0.09519261072212841,0.6179823372458787,0.12262779174815254,0.07,0.07866085348057017,0.0
"X1,X6,F_w_mean,above_5",4,0.6035538461538461,0.10337721928672496,0.6371825894385879,0.1154453952211907,0.09,0.11063596057952663,0.0
"X1,X6,F_w_mean,above_5",5,0.6403846153846153,0.09130568334255479,0.675939345029571,0.09557150867546833,0.15,0.16317620391867993,0.0
"X1,X6,F_w_mean,above_5",6,0.6428461538461537,0.08874119674649424,0.6743386805308446,0.09295876170136319,0.11,0.1630221929984328,0.0
"X1,X6,above_4,above_5",1,0.6060307692307692,0.0706955067494124,0.6605439109015798,0.07985848870730372,0.02,0.039752458134356794,0.0
"X1,X6,above_4,above_5",2,0.6172461538461539,0.08167949921318064,0.6453623409310765,0.0881765529791796,0.08,0.08372523228191953,0.0
"X1,X6,above_4,above_5",3,0.6409076923076923,0.07597791488515498,0.7171978236741856,0.07153472672200978,0.1,0.12047652815637089,0.0
"X1,X6,above_4,above_5",4,0.6386461538461538,0.08362561822592787,0.6975477729826435,0.07857993196693125,0.15,0.1373254546239162,0.0
"X1,X6,above_4,above_5",5,0.6339384615384615,0.08582211408647651,0.6705037961194062,0.09782807119021901,0.13,0.13150398552046028,0.0
"X1,X6,above_4,above_5",6,0.6511076923076922,0.08543174859874433,0.6779928361379055,0.08653605661011449,0.16,0.17788527687486422,0.0
"X1,mean,F_w_mean,above_4",1,0.5920615384615384,0.07582656011540358,0.5535403837179271,0.12116882636055554,0.04,0.03444570779737077,0.0
"X1,mean,F_w_mean,above_4",2,0.5873076923076923,0.07883932428207663,0.5729111930025447,0.11979649163542753,0.04,0.03515464998142992,0.0
"X1,mean,F_w_mean,above_4",3,0.6067230769230769,0.07769235491239997,0.6702175185440908,0.1047428513381353,0.05,0.0562867107599514,0.0
"X1,mean,F_w_mean,above_4",4,0.6005076923076923,0.09049843700634677,0.6305319826174046,0.11932512997122421,0.05,0.07623245677474133,0.0
"X1,mean,F_w_mean,above_4",5,0.6098769230769231,0.08899416376050709,0.6464150767311787,0.09986331856760705,0.13,0.08854231735048723,0.0
"X1,mean,F_w_mean,above_4",6,0.605123076923077,0.08768287533617346,0.638368712661863,0.09382881526203878,0.11,0.07719598887113055,0.0
"X1,mean,F_w_mean,above_5",1,0.5976153846153847,0.07514573611858982,0.5521190186587912,0.11983255740687816,0.04,0.03905958043931246,0.0
"X1,mean,F_w_mean,above_5",2,0.5940307692307691,0.0787906461273149,0.5635478412721056,0.11358214815187084,0.04,0.04220045601566613,0.0
"X1,mean,F_w_mean,above_5",3,0.5956,0.09326326420249371,0.6450461966716879,0.12735777083753666,0.09,0.07478077617766665,0.0
"X1,mean,F_w_mean,above_5",4,0.5916461538461538,0.09092509564334524,0.6101234233792728,0.12158612755575766,0.03,0.06405160724520464,0.0
"X1,mean,F_w_mean,above_5",5,0.5916,0.09147300051099891,0.6216852996765471,0.1113473312115359,0.07,0.06513795472569417,0.0
"X1,mean,F_w_mean,above_5",6,0.6043230769230771,0.08506334430516296,0.6368561589849796,0.09490741358559833,0.07,0.06977739197582444,0.0
"X1,mean,above_4,above_5",1,0.6104307692307692,0.0684501563572023,0.6631111784041921,0.07963380182535726,0.02,0.040335387534458755,0.0
"X1,mean,above_4,above_5",2,0.6220461538461538,0.07951690081229838,0.6479646292578072,0.08842824550293743,0.07,0.0872919245678595,0.0
"X1,mean,above_4,above_5",3,0.6121230769230769,0.07821962101944778,0.6862891741572207,0.07437933303198488,0.07,0.06590540364286224,0.0
"X1,mean,above_4,above_5",4,0.5908923076923077,0.08853085712180751,0.652659629531064,0.10078551015525687,0.07,0.05805759663293286,0.0
"X1,mean,above_4,above_5",5,0.6142461538461538,0.08883163251292438,0.6759444202013856,0.09021780600537405,0.07,0.09627541156839614,0.0
"X1,mean,above_4,above_5",6,0.6162615384615383,0.08746536220584018,0.6733281471744098,0.08307492195106415,0.12,0.09673488352200232,0.0
"X1,F_w_mean,above_4,above_5",1,0.5920615384615384,0.07582656011540358,0.5535403837179271,0.12116882636055554,0.04,0.03444570779737077,0.0
"X1,F_w_mean,above_4,above_5",2,0.5849538461538462,0.07433001098173185,0.5735978942186576,0.11974608469524994,0.02,0.02550588381835317,0.0
"X1,F_w_mean,above_4,above_5",3,0.6090769230769231,0.0722030339148493,0.6567539083873316,0.10429111562258302,0.06,0.04699022478182269,0.0
"X1,F_w_mean,above_4,above_5",4,0.6008923076923076,0.08897155452611188,0.6396790170133113,0.10723360391793027,0.06,0.07337433484772471,0.0
"X1,F_w_mean,above_4,above_5",5,0.6106923076923078,0.09494722919264652,0.6542721533724603,0.09623163291711757,0.12,0.10445497319042607,0.0
"X1,F_w_mean,above_4,above_5",6,0.6166153846153846,0.09101739218673194,0.6496706585588984,0.09358689794545651,0.08,0.10642870263429438,0.0
"X3,X6,mean,F_w_mean",1,0.5960153846153845,0.07676386446482462,0.5495422336301408,0.11900514661725486,0.04,0.04045653797852111,0.0
"X3,X6,mean,F_w_mean",2,0.5864769230769231,0.07771752675231657,0.5559398657217155,0.11239226075333072,0.04,0.032393337820078916,0.0
"X3,X6,mean,F_w_mean",3,0.5911846153846154,0.08546811025068055,0.6451423611383834,0.11278131300910667,0.06,0.052168961998925734,0.0
"X3,X6,mean,F_w_mean",4,0.589523076923077,0.10576152587320961,0.6183771657553456,0.12504253314737204,0.09,0.0920490517448802,0.0
"X3,X6,mean,F_w_mean",5,0.6003076923076922,0.09183958229292882,0.6380517520329149,0.10217864475202226,0.08,0.07895123027108464,0.0
"X3,X6,mean,F_w_mean",6,0.6152461538461539,0.10033319520064932,0.6462932868132705,0.10167224133278373,0.14,0.12636830841023194,0.0
"X3,X6,mean,above_4",1,0.6068615384615385,0.0612363430010481,0.7197064106333189,0.058728050229331884,0.01,0.022169477194723508,0.0
"X3,X6,mean,above_4",2,0.5836461538461539,0.0723860966087309,0.6995811245143625,0.0729043940995362,0.0,0.02159591332152888,0.0
"X3,X6,mean,above_4",3,0.5846153846153846,0.08261667381890539,0.6602662448668685,0.07848406194081253,0.04,0.03922518044007117,0.0
"X3,X6,mean,above_4",4,0.5933384615384616,0.07157635224837482,0.6667074894693258,0.08012981979944549,0.01,0.028110972456206973,0.0
"X3,X6,mean,above_4",5,0.5848923076923076,0.07293326121678625,0.6242269673776133,0.08883788259194642,0.02,0.02331775311898565,0.0
"X3,X6,mean,above_4",6,0.5701076923076923,0.08091174386860035,0.6065512172265929,0.09779937134623667,0.0,0.02406989947772087,0.0
"X3,X6,mean,above_5",1,0.5351538461538463,0.06300535339328729,0.6407398995530658,0.10881753553286204,0.0,0.0009922798122028453,0.0
"X3,X6,mean,above_5",2,0.5307692307692309,0.06819290424486342,0.6300085759130873,0.11215963196563362,0.0,0.001741325097560309,0.0
"X3,X6,mean,above_5",3,0.5237076923076924,0.07204045378985699,0.6071563874305215,0.10521851292586597,0.0,0.0020945339545441755,0.0
"X3,X6,mean,above_5",4,0.5118307692307693,0.07904240342032583,0.5953218485943875,0.09685469838939001,0.01,0.0028887032374077526,0.0
"X3,X6,mean,above_5",5,0.5148923076923078,0.06913698947458927,0.5862083978987738,0.08921839015915578,0.0,0.0009312469413551572,0.0
"X3,X6,mean,above_5",6,0.5354615384615385,0.07104107487592391,0.5908767083654903,0.10139281843203844,0.0,0.003087001886015295,0.0
"X3,X6,F_w_mean,above_4",1,0.5904615384615384,0.07731561383066059,0.5509635986892767,0.12038103128286154,0.04,0.03555375987572729,0.0
"X3,X6,F_w_mean,above_4",2,0.5754307692307692,0.07238832002291284,0.5677377535054964,0.1176942749372901,0.02,0.01636912986378325,0.0
"X3,X6,F_w_mean,above_4",3,0.6027076923076924,0.07282795483821551,0.6537865736282674,0.10258766320866403,0.04,0.04024504180448807,0.0
"X3,X6,F_w_mean,above_4",4,0.6049076923076923,0.10208911178750715,0.6416228940845072,0.11508496624451518,0.1,0.11022645756129767,0.0
"X3,X6,F_w_mean,above_4",5,0.6332923076923077,0.09522630037979879,0.6727036215793691,0.09118999596751479,0.11,0.1549203042326024,0.0
"X3,X6,F_w_mean,above_4",6,0.6420307692307691,0.08343991354020948,0.6753166501473861,0.08358982346985525,0.16,0.14587682628177567,0.0
"X3,X6,F_w_mean,above_5",1,0.5960153846153845,0.07676386446482462,0.5495422336301408,0.11900514661725486,0.04,0.04045653797852111,0.0
"X3,X6,F_w_mean,above_5",2,0.5809230769230769,0.07027317786059785,0.5585528198792877,0.11339602189519304,0.01,0.016944434457677238,0.0
"X3,X6,F_w_mean,above_5",3,0.5867076923076924,0.08906789378974903,0.6146789719295177,0.11837981203351851,0.05,0.05383018759608782,0.0
"X3,X6,F_w_mean,above_5",4,0.6018615384615384,0.10831933831617714,0.6311015506548526,0.12431561378617531,0.1,0.11841063954315423,0.0
"X3,X6,F_w_mean,above_5",5,0.6256307692307693,0.0883374969805069,0.6625869936005373,0.09760337855289451,0.11,0.11870549678733033,0.0
"X3,X6,F_w_mean,above_5",6,0.6289076923076924,0.08854224946785802,0.662171541239061,0.0959643330045462,0.13,0.12678086710406222,0.0
"X3,X6,above_4,above_5",1,0.5920615384615384,0.0748729005889551,0.7018389879938591,0.09054733838947213,0.0,0.032715525878750706,0.0
"X3,X6,above_4,above_5",2,0.5680307692307692,0.0856307139500637,0.6756936761347752,0.10270720538791324,0.0,0.02927980031833355,0.0
"X3,X6,above_4,above_5",3,0.5826,0.07933083897094696,0.6574218661355538,0.07599309328970207,0.02,0.03158155258505568,0.0
"X3,X6,above_4,above_5",4,0.6206461538461538,0.07767819521483696,0.6752070184472526,0.08863468518985525,0.05,0.07959804259154435,0.0
"X3,X6,above_4,above_5",5,0.6127230769230769,0.07274885224495696,0.6415351424814978,0.08380540903355556,0.02,0.05347233589459055,0.0
"X3,X6,above_4,above_5",6,0.5848,0.08574470984423581,0.6071758036772628,0.09776319804613391,0.02,0.045189779104803596,0.0
"X3,mean,F_w_mean,above_4",1,0.5916615384615385,0.07651899404529665,0.5522714136813023,0.12167593723707464,0.04,0.035311264595696445,0.0
"X3,mean,F_w_mean,above_4",2,0.5793846153846154,0.07528187661546144,0.5681434380480769,0.11886970039277853,0.04,0.022713128126529702,0.0
"X3,mean,F_w_mean,above_4",3,0.5988153846153846,0.07378999627521239,0.6613214770623246,0.1027449797109339,0.01,0.03771750816252761,0.0
"X3,mean,F_w_mean,above_4",4,0.5969384615384615,0.08486996527580978,0.6324205166072789,0.10568285592119234,0.05,0.058460597232504075,0.0
"X3,mean,F_w_mean,above_4",5,0.6011846153846154,0.08871571643849398,0.6422975167367008,0.09569697361487632,0.07,0.0732505450727291,0.0
"X3,mean,F_w_mean,above_4",6,0.6046,0.08112215786726472,0.6360764907658099,0.08481933744601472,0.07,0.06107440103603057,0.0
"X3,mean,F_w_mean,above_5",1,0.5972153846153846,0.07587367108883715,0.5508500486221662,0.1203303107959774,0.04,0.04005268597356104,0.0
"X3,mean,F_w_mean,above_5",2,0.588476923076923,0.07690322666955755,0.5571868544176205,0.11373263150096836,0.04,0.032863945036396336,0.0
"X3,mean,F_w_mean,above_5",3,0.5893076923076923,0.08739284224545878,0.6392030883464203,0.12330338055040564,0.06,0.05371162970167864,0.0
"X3,mean,F_w_mean,above_5",4,0.5892769230769231,0.09204358499353195,0.6220207204227141,0.11330666430863992,0.06,0.06314779705079065,0.0
"X3,mean,F_w_mean,above_5",5,0.5924307692307693,0.085399355623028,0.6259588288077327,0.10586642267903701,0.07,0.05360151458001294,0.0
"X3,mean,F_w_mean,above_5",6,0.5975076923076924,0.09530263971210175,0.6292977635121673,0.10330366802547954,0.1,0.08222997088919826,0.0
"X3,mean,above_4,above_5",1,0.6012153846153846,0.0732844970972231,0.7097884685702747,0.08968318090097625,0.0,0.03943128823080455,0.0
"X3,mean,above_4,above_5",2,0.5828,0.08432857124957166,0.6935407434136313,0.0983147716178586,0.0,0.04044431787326619,0.0
"X3,mean,above_4,above_5",3,0.5917846153846154,0.0774857024414197,0.6664678717300245,0.07052273171539833,0.02,0.037231872987873116,0.0
"X3,mean,above_4,above_5",4,0.6001384615384615,0.07983091450836952,0.6759981164797197,0.07535241794914668,0.03,0.05189962940072168,0.0
"X3,mean,above_4,above_5",5,0.5867076923076923,0.08056796021383285,0.6314109909742683,0.09875858687414213,0.01,0.037658655377569294,0.0
"X3,mean,above_4,above_5",6,0.5674307692307693,0.08153905805297042,0.6084731210145056,0.09720412064227887,0.01,0.023089199142327876,0.0
"X3,F_w_mean,above_4,above_5",1,0.5916615384615385,0.07651899404529665,0.5522714136813023,0.12167593723707464,0.04,0.035311264595696445,0.0
"X3,F_w_mean,above_4,above_5",2,0.5778307692307693,0.07116348209181415,0.5685796352310771,0.11858986958939641,0.02,0.016245997830914294,0.0
"X3,F_w_mean,above_4,above_5",3,0.6027538461538462,0.07047608012526296,0.6513034330525691,0.10215746982493987,0.03,0.03549647287593971,0.0
"X3,F_w_mean,above_4,above_5",4,0.5944153846153846,0.08216843863486945,0.6302339265766951,0.10902441439145956,0.04,0.04946314033755239,0.0
"X3,F_w_mean,above_4,above_5",5,0.6068461538461538,0.08649749457670632,0.6538144430289573,0.08813829663199074,0.1,0.07725434143752041,0.0
"X3,F_w_mean,above_4,above_5",6,0.6075384615384616,0.08754765397185885,0.6448387262237465,0.08650790293113271,0.08,0.08093668858625547,0.0
"X6,mean,F_w_mean,above_4",1,0.5904615384615384,0.07731561383066059,0.5509635986892767,0.12038103128286154,0.04,0.03555375987572729,0.0
"X6,mean,F_w_mean,above_4",2,0.5797538461538462,0.07585589577005154,0.5684516175497952,0.11898915572270852,0.04,0.023813660804030023,0.0
"X6,mean,F_w_mean,above_4",3,0.5975076923076924,0.08028994204070275,0.662703065948086,0.10301098445660822,0.04,0.04945376196297957,0.0
"X6,mean,F_w_mean,above_4",4,0.6027384615384616,0.09440579161854563,0.64192915012267,0.10480673078476563,0.07,0.08882487930700744,0.0
"X6,mean,F_w_mean,above_4",5,0.6185846153846155,0.09489169909013652,0.6593748677600026,0.09509765059455792,0.11,0.12017107007726568,0.0
"X6,mean,F_w_mean,above_4",6,0.6240923076923077,0.09415163898870989,0.6599518795498086,0.09067448358687855,0.13,0.13032355273136254,0.0
"X6,mean,F_w_mean,above_5",1,0.5960153846153845,0.07676386446482462,0.5495422336301408,0.11900514661725486,0.04,0.04045653797852111,0.0
"X6,mean,F_w_mean,above_5",2,0.5860769230769232,0.07795534300455985,0.5568147821096753,0.11324667399350467,0.04,0.03242979561304826,0.0
"X6,mean,F_w_mean,above_5",3,0.5875538461538462,0.09094691734824183,0.6414087698023656,0.12027778289937335,0.07,0.05864435011493063,0.0
"X6,mean,F_w_mean,above_5",4,0.5876307692307692,0.10750179192121491,0.6145618449134828,0.1293380830382698,0.08,0.09269460079903702,0.0
"X6,mean,F_w_mean,above_5",5,0.6066461538461538,0.09150157757232852,0.6437787402611519,0.10656254268396537,0.11,0.08881211007623935,0.0
"X6,mean,F_w_mean,above_5",6,0.6180615384615384,0.10018742672298146,0.6492986631428463,0.1071397374592571,0.13,0.1319350649651907,0.0
"X6,mean,above_4,above_5",1,0.5912615384615385,0.07563471229628638,0.7020694322123093,0.0866868955939583,0.0,0.03330306122367688,0.0
"X6,mean,above_4,above_5",2,0.5803230769230769,0.08233868431612958,0.6889375494064286,0.09853790641250801,0.0,0.03454580957060438,0.0
"X6,mean,above_4,above_5",3,0.5845230769230769,0.0757538274073588,0.6553599913874227,0.07079229973053836,0.01,0.02740430248759307,0.0
"X6,mean,above_4,above_5",4,0.5794461538461538,0.08216091009676679,0.656550306918087,0.0849375963981012,0.01,0.03344393585554872,0.0
"X6,mean,above_4,above_5",5,0.5706153846153846,0.07436436762050513,0.6298243509946225,0.08541084604838302,0.02,0.01604479639695544,0.0
"X6,mean,above_4,above_5",6,0.5749538461538461,0.09415260934330948,0.6254858119732346,0.0947273916827119,0.07,0.04980434509583842,0.0
"X6,F_w_mean,above_4,above_5",1,0.5904615384615384,0.07731561383066059,0.5509635986892767,0.12038103128286154,0.04,0.03555375987572729,0.0
"X6,F_w_mean,above_4,above_5",2,0.5766,0.07282736172198342,0.5689437658245522,0.11875306696543386,0.02,0.017586928912076027,0.0
"X6,F_w_mean,above_4,above_5",3,0.6023076923076923,0.07208558358608705,0.6549350709415813,0.10129601375787085,0.04,0.03824721388319596,0.0
"X6,F_w_mean,above_4,above_5",4,0.6069076923076923,0.10520096181529855,0.6441908246663495,0.11868746568483692,0.11,0.12098674754972116,0.0
"X6,F_w_mean,above_4,above_5",5,0.6348615384615384,0.09759067275249221,0.6699175005367602,0.09773015820962758,0.12,0.16481175836045447,0.0
"X6,F_w_mean,above_4,above_5",6,0.6368,0.09501010348017526,0.6700080574427136,0.0920881653589286,0.15,0.1633091173250234,0.0
"mean,F_w_mean,above_4,above_5",1,0.5916615384615385,0.07651899404529665,0.5522714136813023,0.12167593723707464,0.04,0.035311264595696445,0.0
"mean,F_w_mean,above_4,above_5",2,0.579,0.07655987330960934,0.5677261419284083,0.12024156133305806,0.04,0.02428696814175868,0.0
"mean,F_w_mean,above_4,above_5",3,0.5956461538461539,0.07457431224850336,0.6617124065588764,0.10209151403835832,0.03,0.035803372870849115,0.0
"mean,F_w_mean,above_4,above_5",4,0.6001538461538461,0.0886109774545106,0.6412129520102602,0.10265712097486936,0.06,0.07141263645031992,0.0
"mean,F_w_mean,above_4,above_5",5,0.6056000000000001,0.08333337057198378,0.6495466146764564,0.08629456365149797,0.07,0.06774486099090749,0.0
"mean,F_w_mean,above_4,above_5",6,0.6058461538461539,0.08561645586447093,0.6449687286046956,0.08411022421340028,0.06,0.0735129996810957,0.0
"X1,X3,X6,mean,F_w_mean",1,0.5964153846153846,0.07605076317750965,0.5508112036667656,0.1185158309926873,0.04,0.03949990955089766,0.0
"X1,X3,X6,mean,F_w_mean",2,0.5924307692307692,0.07783511019262594,0.5619619964981666,0.11102061113230267,0.04,0.03857691513828043,0.0
"X1,X3,X6,mean,F_w_mean",3,0.5962461538461539,0.08594461406272376,0.6495566230715503,0.11455018318925898,0.07,0.05982081486614543,0.0
"X1,X3,X6,mean,F_w_mean",4,0.5918615384615385,0.09779275151319095,0.6151070647564786,0.1250728081318242,0.06,0.07889206849938102,0.0
"X1,X3,X6,mean,F_w_mean",5,0.6153846153846153,0.10410918256086311,0.6526439795922788,0.11708218993390802,0.14,0.1354667765600317,0.0
"X1,X3,X6,mean,F_w_mean",6,0.6228769230769231,0.09832867357661892,0.6574731630806028,0.10090304042903589,0.15,0.13798020386361032,0.0
"X1,X3,X6,mean,above_4",1,0.6060307692307692,0.0706955067494124,0.6605439109015798,0.07985848870730372,0.02,0.039752458134356794,0.0
"X1,X3,X6,mean,above_4",2,0.6080615384615385,0.08155329908542006,0.6385440337435822,0.08977326070628269,0.06,0.06743117676670385,0.0
"X1,X3,X6,mean,above_4",3,0.6011384615384615,0.07373761895873872,0.6676550274829073,0.08382864995785258,0.05,0.04026938891057541,0.0
"X1,X3,X6,mean,above_4",4,0.5895384615384616,0.08461342655077102,0.6470999040204802,0.09628277099387865,0.06,0.04845336240918319,0.0
"X1,X3,X6,mean,above_4",5,0.5951692307692308,0.08850367424592939,0.6398889729970053,0.09876208429523428,0.05,0.06382329697104616,0.0
"X1,X3,X6,mean,above_4",6,0.5950307692307691,0.08648230109315354,0.6361593656952141,0.09089087917492748,0.05,0.05930232073677155,0.0
"X1,X3,X6,mean,above_5",1,0.6373846153846153,0.0862091855235801,0.6604863126974747,0.08495048619993291,0.14,0.14134189653881768,0.0
"X1,X3,X6,mean,above_5",2,0.6186307692307692,0.08231326940127348,0.6439567138603098,0.09428082078932552,0.09,0.08802902364609055,0.0
"X1,X3,X6,mean,above_5",3,0.5831846153846155,0.07560352986343066,0.634114201793925,0.10700690937409935,0.02,0.02607389104757063,0.0
"X1,X3,X6,mean,above_5",4,0.5572769230769231,0.09057681169354576,0.6227463628544447,0.10229457510452981,0.03,0.028265228581871638,0.0
"X1,X3,X6,mean,above_5",5,0.5500923076923077,0.08513777765147476,0.5948143007302216,0.10821312221049108,0.02,0.017294569923399394,0.0
"X1,X3,X6,mean,above_5",6,0.5606153846153846,0.09250466164488957,0.6136587777242469,0.09817047701031903,0.03,0.033543350153045326,0.0
"X1,X3,X6,F_w_mean,above_4",1,0.5908615384615384,0.076636642092687,0.5522325687259017,0.11988228654757917,0.04,0.03471890742860806,0.0
"X1,X3,X6,F_w_mean,above_4",2,0.5809846153846154,0.07126067489844766,0.571837097548966,0.11785505170850759,0.02,0.01825817491999049,0.0
"X1,X3,X6,F_w_mean,above_4",3,0.6070615384615384,0.07216945706144934,0.6528715584614563,0.10482234359302717,0.04,0.04424013012319705,0.0
"X1,X3,X6,F_w_mean,above_4",4,0.610076923076923,0.09505236800165419,0.6458773089862595,0.10735904048465422,0.09,0.10353689163707935,0.0
"X1,X3,X6,F_w_mean,above_4",5,0.6404153846153845,0.09527210610238147,0.6763902917380805,0.09605552373516746,0.15,0.17353116618355924,0.0
"X1,X3,X6,F_w_mean,above_4",6,0.6505999999999998,0.08408276987200833,0.6799786068423107,0.08930571163925831,0.2,0.1725062374844526,0.0
"X1,X3,X6,F_w_mean,above_5",1,0.5964153846153846,0.07605076317750965,0.5508112036667656,0.1185158309926873,0.04,0.03949990955089766,0.0
"X1,X3,X6,F_w_mean,above_5",2,0.5876769230769231,0.06760431168631097,0.5648330966018643,0.1122067832662883,0.01,0.01763535527044624,0.0
"X1,X3,X6,F_w_mean,above_5",3,0.591,0.08838120097843506,0.6185515423847047,0.11562078294296095,0.05,0.05789036872979958,0.0
"X1,X3,X6,F_w_mean,above_5",4,0.6062000000000001,0.10437630033204819,0.6401589022180079,0.11725197615648661,0.08,0.11779278577948182,0.0
"X1,X3,X6,F_w_mean,above_5",5,0.6324153846153846,0.08693145092406612,0.6724095492939627,0.0924047087174575,0.12,0.130815026614159,0.0
"X1,X3,X6,F_w_mean,above_5",6,0.6444923076923077,0.0870724869758851,0.6771248309323283,0.09132535497354605,0.16,0.16304282320837782,0.0
"X1,X3,X6,above_4,above_5",1,0.6060307692307692,0.0706955067494124,0.6605439109015798,0.07985848870730372,0.02,0.039752458134356794,0.0
"X1,X3,X6,above_4,above_5",2,0.6072615384615385,0.08103825672640322,0.6379291105497117,0.08895784316899952,0.06,0.06494012140564875,0.0
"X1,X3,X6,above_4,above_5",3,0.6122615384615385,0.07247034243429777,0.6770554820768772,0.0828263384378687,0.05,0.05211928490236439,0.0
"X1,X3,X6,above_4,above_5",4,0.6130615384615384,0.08914863461239571,0.6630656886070865,0.0983907872308133,0.1,0.09480652826277125,0.0
"X1,X3,X6,above_4,above_5",5,0.6177230769230769,0.09846453841583673,0.653763428736732,0.11356698142387084,0.1,0.12708530063208412,0.0
"X1,X3,X6,above_4,above_5",6,0.6190923076923076,0.09660609827982947,0.6453857726143302,0.10321570757207475,0.12,0.12547596750813828,0.0
"X1,X3,mean,F_w_mean,above_4",1,0.5920615384615384,0.07582656011540358,0.5535403837179271,0.12116882636055554,0.04,0.03444570779737077,0.0
"X1,X3,mean,F_w_mean,above_4",2,0.5865384615384616,0.07815274832663223,0.5718738581313655,0.11875387545417675,0.04,0.033204296342017714,0.0
"X1,X3,mean,F_w_mean,above_4",3,0.6015692307692307,0.07617170886076556,0.6630020937063206,0.10392575258151479,0.03,0.04589123955317331,0.0
"X1,X3,mean,F_w_mean,above_4",4,0.5945076923076923,0.08837179528097996,0.6191593225751033,0.12019867723286652,0.05,0.06261235678424448,0.0
"X1,X3,mean,F_w_mean,above_4",5,0.6079076923076923,0.08314840799124953,0.6440767548769054,0.0962246811667639,0.07,0.07100239565023969,0.0
"X1,X3,mean,F_w_mean,above_4",6,0.6061538461538462,0.08314783298545737,0.634567309474468,0.08932555544530678,0.08,0.0681819012101107,0.0
"X1,X3,mean,F_w_mean,above_5",1,0.5976153846153847,0.07514573611858982,0.5521190186587912,0.11983255740687816,0.04,0.03905958043931246,0.0
"X1,X3,mean,F_w_mean,above_5",2,0.5952307692307692,0.07774864674710369,0.5631968859805206,0.11243295494280071,0.04,0.04151261120830407,0.0
"X1,X3,mean,F_w_mean,above_5",3,0.596,0.08719073833883394,0.6456270689771328,0.11999591477893823,0.07,0.062163739501641335,0.0
"X1,X3,mean,F_w_mean,above_5",4,0.5860307692307692,0.08804051783732925,0.6059541920359536,0.11957842019487713,0.04,0.050997166150675954,0.0
"X1,X3,mean,F_w_mean,above_5",5,0.5927692307692308,0.0887084180444712,0.6209744659024159,0.10972070024007446,0.06,0.060933190594334,0.0
"X1,X3,mean,F_w_mean,above_5",6,0.6011692307692307,0.08548784335182838,0.6324064796464535,0.09584157514006823,0.1,0.06590444513991867,0.0
"X1,X3,mean,above_4,above_5",1,0.6104307692307692,0.0684501563572023,0.6631111784041921,0.07963380182535726,0.02,0.040335387534458755,0.0
"X1,X3,mean,above_4,above_5",2,0.6116615384615386,0.078815845581919,0.6389895972112536,0.08994031945304476,0.05,0.06661893231186833,0.0
"X1,X3,mean,above_4,above_5",3,0.5849538461538462,0.07698353931486775,0.6413047685449422,0.09567596033186136,0.03,0.029774436208778288,0.0
"X1,X3,mean,above_4,above_5",4,0.5726461538461538,0.08065136601593731,0.6188579001228826,0.10314127664747146,0.03,0.025526287637914646,0.0
"X1,X3,mean,above_4,above_5",5,0.5880461538461539,0.0813294432736095,0.6242389577810797,0.11030247782542196,0.04,0.04045609735203681,0.0
"X1,X3,mean,above_4,above_5",6,0.5862923076923077,0.08379521247145386,0.6265119743399375,0.0970576957015732,0.03,0.043173813669586836,0.0
"X1,X3,F_w_mean,above_4,above_5",1,0.5920615384615384,0.07582656011540358,0.5535403837179271,0.12116882636055554,0.04,0.03444570779737077,0.0
"X1,X3,F_w_mean,above_4,above_5",2,0.5841846153846154,0.07357677791613813,0.5725605593474784,0.11870902663785159,0.02,0.023750110065268393,0.0
"X1,X3,F_w_mean,above_4,above_5",3,0.604323076923077,0.07117432387243468,0.649667537300604,0.1027828256837036,0.04,0.038717885308303224,0.0
"X1,X3,F_w_mean,above_4,above_5",4,0.5957384615384614,0.08445238986462227,0.6313720014590423,0.11000544139828032,0.04,0.055941109626309604,0.0
"X1,X3,F_w_mean,above_4,above_5",5,0.6135230769230768,0.09266476960866638,0.6618176081352667,0.08966921679569842,0.1,0.10438207829019541,0.0
"X1,X3,F_w_mean,above_4,above_5",6,0.6103384615384615,0.09289023362527721,0.6475075157916117,0.09254823760957405,0.09,0.09883754002717393,0.0
"X1,X6,mean,F_w_mean,above_4",1,0.5908615384615384,0.076636642092687,0.5522325687259017,0.11988228654757917,0.04,0.03471890742860806,0.0
"X1,X6,mean,F_w_mean,above_4",2,0.5857076923076923,0.07774614889908729,0.5725967294845217,0.11918075205518718,0.04,0.031730945242825825,0.0
"X1,X6,mean,F_w_mean,above_4",3,0.6026769230769231,0.08068423953211519,0.6660124650090963,0.10609571617744301,0.05,0.057278040148977305,0.0
"X1,X6,mean,F_w_mean,above_4",4,0.5992153846153846,0.09680835579369836,0.6343516680596999,0.12013602134666368,0.08,0.0883534629573578,0.0
"X1,X6,mean,F_w_mean,above_4",5,0.6289384615384616,0.09759200059370468,0.6677760244384863,0.0977832686917664,0.13,0.1502057241497725,0.0
"X1,X6,mean,F_w_mean,above_4",6,0.6247692307692307,0.09559319626206478,0.6577791603302753,0.0973635773589721,0.15,0.13548780572898234,0.0
"X1,X6,mean,F_w_mean,above_5",1,0.5964153846153846,0.07605076317750965,0.5508112036667656,0.1185158309926873,0.04,0.03949990955089766,0.0
"X1,X6,mean,F_w_mean,above_5",2,0.5908307692307693,0.07848262763336028,0.5626077090216285,0.1124680971232518,0.04,0.038093738678005695,0.0
"X1,X6,mean,F_w_mean,above_5",3,0.5942307692307692,0.0909527154608599,0.6469687378306946,0.1190599544360063,0.08,0.06775194647126837,0.0
"X1,X6,mean,F_w_mean,above_5",4,0.5884461538461538,0.09671222363891462,0.6114037046102743,0.12607353991468553,0.05,0.0716433884263088,0.0
"X1,X6,mean,F_w_mean,above_5",5,0.6145999999999999,0.09924388583554983,0.6520289701233734,0.1085382565248422,0.12,0.12245694471769286,0.0
"X1,X6,mean,F_w_mean,above_5",6,0.6227846153846154,0.0958523753999998,0.6548613424990453,0.09977140429209544,0.11,0.13166672763773246,0.0
"X1,X6,mean,above_4,above_5",1,0.6060307692307692,0.0706955067494124,0.6605439109015798,0.07985848870730372,0.02,0.039752458134356794,0.0
"X1,X6,mean,above_4,above_5",2,0.6148461538461538,0.07977820585960502,0.6450949878637234,0.08778097803261592,0.07,0.07445041168520972,0.0
"X1,X6,mean,above_4,above_5",3,0.6171384615384614,0.07631545245901165,0.6997682778507165,0.07431114287874137,0.05,0.06958594585303046,0.0
"X1,X6,mean,above_4,above_5",4,0.6106923076923078,0.08569199696118224,0.6785937791701672,0.08944704649453011,0.09,0.08191803774858397,0.0
"X1,X6,mean,above_4,above_5",5,0.6026307692307692,0.09245124606736398,0.6572865591192937,0.1087652634534071,0.12,0.08414938716064746,0.0
"X1,X6,mean,above_4,above_5",6,0.6193692307692307,0.08689464340944404,0.6679451283143288,0.08980712614678056,0.12,0.10148066626392005,0.0
"X1,X6,F_w_mean,above_4,above_5",1,0.5908615384615384,0.076636642092687,0.5522325687259017,0.11988228654757917,0.04,0.03471890742860806,0.0
"X1,X6,F_w_mean,above_4,above_5",2,0.5813538461538462,0.0720809144285231,0.573087352269262,0.11899409350303777,0.02,0.01959376045111294,0.0
"X1,X6,F_w_mean,above_4,above_5",3,0.6070461538461539,0.07248233573832205,0.6561000927567467,0.10290690354143689,0.06,0.044911850469142145,0.0
"X1,X6,F_w_mean,above_4,above_5",4,0.6081230769230769,0.10168615831517784,0.6459998364214037,0.11463944246412404,0.11,0.1153496140685153,0.0
"X1,X6,F_w_mean,above_4,above_5",5,0.6399846153846154,0.09461413257458018,0.672905923028422,0.09635386564176747,0.12,0.17070202398642442,0.0
"X1,X6,F_w_mean,above_4,above_5",6,0.6430153846153845,0.09679990219565698,0.6729018508730998,0.09870779397457309,0.18,0.18443226485521058,0.0
"X1,mean,F_w_mean,above_4,above_5",1,0.5920615384615384,0.07582656011540358,0.5535403837179271,0.12116882636055554,0.04,0.03444570779737077,0.0
"X1,mean,F_w_mean,above_4,above_5",2,0.5869076923076924,0.078875377698624,0.57287939650016,0.11976161097483494,0.04,0.03482678969102293,0.0
"X1,mean,F_w_mean,above_4,above_5",3,0.6039538461538462,0.07748326942908462,0.6670301956435744,0.1040140425622375,0.06,0.051894766059291775,0.0
"X1,mean,F_w_mean,above_4,above_5",4,0.5973538461538461,0.08917108879520917,0.6279301434594536,0.12186097168668475,0.05,0.06843524679178925,0.0
"X1,mean,F_w_mean,above_4,above_5",5,0.6079538461538462,0.08806077917212843,0.6491665224921759,0.09401784562098915,0.08,0.08288400405345708,0.0
"X1,mean,F_w_mean,above_4,above_5",6,0.5956307692307693,0.09186167115407239,0.6298083022597967,0.09543369108264847,0.06,0.07177002824079359,0.0
"X3,X6,mean,F_w_mean,above_4",1,0.5904615384615384,0.07731561383066059,0.5509635986892767,0.12038103128286154,0.04,0.03555375987572729,0.0
"X3,X6,mean,F_w_mean,above_4",2,0.5785846153846154,0.07548335135220843,0.5672456052307394,0.11792745034620343,0.04,0.022431105272032847,0.0
"X3,X6,mean,F_w_mean,above_4",3,0.5956153846153847,0.0760365452464652,0.6594096951909798,0.10092340711996059,0.01,0.03858324485387443,0.0
"X3,X6,mean,F_w_mean,above_4",4,0.5936615384615385,0.09025520162360917,0.6311627824607449,0.10543394145622233,0.04,0.06544667431635443,0.0
"X3,X6,mean,F_w_mean,above_4",5,0.6186153846153846,0.09594808754195458,0.663801437235673,0.09372334554023165,0.13,0.1228445048710356,0.0
"X3,X6,mean,F_w_mean,above_4",6,0.6201230769230769,0.08739536228606429,0.6537815870174534,0.08264207347652901,0.09,0.10433341750395031,0.0
"X3,X6,mean,F_w_mean,above_5",1,0.5960153846153845,0.07676386446482462,0.5495422336301408,0.11900514661725486,0.04,0.04045653797852111,0.0
"X3,X6,mean,F_w_mean,above_5",2,0.5864769230769231,0.07771752675231657,0.5559398657217155,0.11239226075333072,0.04,0.032393337820078916,0.0
"X3,X6,mean,F_w_mean,above_5",3,0.5907538461538462,0.08625502163582391,0.6447704148253663,0.11661360367193617,0.06,0.053225313269587904,0.0
"X3,X6,mean,F_w_mean,above_5",4,0.5875384615384616,0.104906044184827,0.6177051563263535,0.12178234657251588,0.08,0.08723315714316948,0.0
"X3,X6,mean,F_w_mean,above_5",5,0.6025384615384615,0.09076854628164342,0.6413779548185051,0.1075191034802539,0.09,0.08012252468544945,0.0
"X3,X6,mean,F_w_mean,above_5",6,0.6068153846153846,0.100758837984331,0.6422605836402062,0.10293824414296424,0.11,0.1107462946606439,0.0
"X3,X6,mean,above_4,above_5",1,0.5912615384615385,0.07563471229628638,0.700720106874978,0.09103135912928424,0.0,0.03330306122367688,0.0
"X3,X6,mean,above_4,above_5",2,0.5708307692307693,0.08313727722210612,0.6824833819677251,0.09819963301382052,0.0,0.027775912870823594,0.0
"X3,X6,mean,above_4,above_5",3,0.5766307692307693,0.081308731526726,0.6528606012141887,0.0767507828863058,0.01,0.02963011007617755,0.0
"X3,X6,mean,above_4,above_5",4,0.5856769230769231,0.0795188772199377,0.6600027567830861,0.08636807485850156,0.02,0.034765515898770416,0.0
"X3,X6,mean,above_4,above_5",5,0.5881076923076922,0.08320100562660349,0.6254105008193025,0.09506803371157414,0.03,0.04405845392501706,0.0
"X3,X6,mean,above_4,above_5",6,0.570523076923077,0.08236783424579765,0.6054599549548452,0.09753960879621641,0.02,0.02642433848357384,0.0
"X3,X6,F_w_mean,above_4,above_5",1,0.5904615384615384,0.07731561383066059,0.5509635986892767,0.12038103128286154,0.04,0.03555375987572729,0.0
"X3,X6,F_w_mean,above_4,above_5",2,0.5754307692307692,0.07238832002291284,0.5677377535054964,0.1176942749372901,0.02,0.01636912986378325,0.0
"X3,X6,F_w_mean,above_4,above_5",3,0.5991846153846155,0.07319406158212273,0.649758671346027,0.10327024509469979,0.04,0.03694932033121634,0.0
"X3,X6,F_w_mean,above_4,above_5",4,0.5978769230769231,0.09494558516335468,0.6354707817110864,0.1096659010887054,0.08,0.08202688444156814,0.0
"X3,X6,F_w_mean,above_4,above_5",5,0.6306461538461539,0.0983077356446275,0.6712299263122539,0.09331204352247292,0.13,0.15609409889756154,0.0
"X3,X6,F_w_mean,above_4,above_5",6,0.6353230769230769,0.09503756217860426,0.6715837798938433,0.09070331172559694,0.16,0.15957520255914237,0.0
"X3,mean,F_w_mean,above_4,above_5",1,0.5916615384615385,0.07651899404529665,0.5522714136813023,0.12167593723707464,0.04,0.035311264595696445,0.0
"X3,mean,F_w_mean,above_4,above_5",2,0.5789846153846154,0.07527754405566944,0.5681116415456922,0.11883327198531572,0.04,0.02242200811045436,0.0
"X3,mean,F_w_mean,above_4,above_5",3,0.5936153846153847,0.07363153910041442,0.657543302432277,0.10268221107109618,0.01,0.0319943840149407,0.0
"X3,mean,F_w_mean,above_4,above_5",4,0.595,0.08021491103693079,0.6307518941902694,0.10315913859980291,0.05,0.046189591382418405,0.0
"X3,mean,F_w_mean,above_4,above_5",5,0.6035999999999999,0.08330800340875218,0.6488321931441913,0.0908725090408793,0.06,0.06460037692639053,0.0
"X3,mean,F_w_mean,above_4,above_5",6,0.6022461538461539,0.0888784609925395,0.6369952965306003,0.0905629537707356,0.1,0.07530227015523394,0.0
"X6,mean,F_w_mean,above_4,above_5",1,0.5904615384615384,0.07731561383066059,0.5509635986892767,0.12038103128286154,0.04,0.03555375987572729,0.0
"X6,mean,F_w_mean,above_4,above_5",2,0.5793538461538461,0.0758535430945714,0.5684198210474105,0.11895284627502863,0.04,0.023515917413958976,0.0
"X6,mean,F_w_mean,above_4,above_5",3,0.5931538461538463,0.07551711275947082,0.6598622118525781,0.1005375632117945,0.02,0.034983742975294274,0.0
"X6,mean,F_w_mean,above_4,above_5",4,0.5996153846153846,0.09414690145328436,0.6397304880488325,0.10678158780353818,0.07,0.08304059521999019,0.0
"X6,mean,F_w_mean,above_4,above_5",5,0.6163076923076924,0.08987486369536454,0.6556597863996523,0.09433907722424521,0.1,0.10293445716221572,0.0
"X6,mean,F_w_mean,above_4,above_5",6,0.6209076923076923,0.09002014107307635,0.6555853357232696,0.08594671680760241,0.12,0.11278192578106183,0.0
"X1,X3,X6,mean,F_w_mean,above_4",1,0.5908615384615384,0.076636642092687,0.5522325687259017,0.11988228654757917,0.04,0.03471890742860806,0.0
"X1,X3,X6,mean,F_w_mean,above_4",2,0.5853384615384616,0.07721466427239211,0.5715445633193119,0.11821023724547142,0.04,0.030499807022377423,0.0
"X1,X3,X6,mean,F_w_mean,above_4",3,0.5999230769230769,0.07810064058105796,0.6611151918316086,0.10521689805816874,0.03,0.04790613106235775,0.0
"X1,X3,X6,mean,F_w_mean,above_4",4,0.5968,0.09123652336244663,0.6272612841762899,0.12132530936494697,0.06,0.0721530562524374,0.0
"X1,X3,X6,mean,F_w_mean,above_4",5,0.6206307692307693,0.09221921272308864,0.6604247381649908,0.09394072736666077,0.12,0.11781704989134101,0.0
"X1,X3,X6,mean,F_w_mean,above_4",6,0.628353846153846,0.08930295621179447,0.660926990887973,0.08784832063327501,0.14,0.12751491532148962,0.0
"X1,X3,X6,mean,F_w_mean,above_5",1,0.5964153846153846,0.07605076317750965,0.5508112036667656,0.1185158309926873,0.04,0.03949990955089766,0.0
"X1,X3,X6,mean,F_w_mean,above_5",2,0.5920307692307692,0.0776922711347972,0.5617321114406953,0.11077950377595612,0.04,0.03787944686236833,0.0
"X1,X3,X6,mean,F_w_mean,above_5",3,0.5942307692307692,0.08749136897414747,0.6483748108043917,0.11607773713154439,0.07,0.06035487282692287,0.0
"X1,X3,X6,mean,F_w_mean,above_5",4,0.5879538461538462,0.09432238685869804,0.6134235793617365,0.12230072396871565,0.06,0.06603816031682963,0.0
"X1,X3,X6,mean,F_w_mean,above_5",5,0.6142,0.09623734343896526,0.6506280336576831,0.1131492741075267,0.14,0.11443493879858357,0.0
"X1,X3,X6,mean,F_w_mean,above_5",6,0.624476923076923,0.09879896389270582,0.6606255719308765,0.09968367023830046,0.12,0.14274705357327955,0.0
"X1,X3,X6,mean,above_4,above_5",1,0.6060307692307692,0.0706955067494124,0.6605439109015798,0.07985848870730372,0.02,0.039752458134356794,0.0
"X1,X3,X6,mean,above_4,above_5",2,0.6060615384615385,0.07964412561866775,0.6376395352601363,0.08852236735695,0.05,0.05983583260589875,0.0
"X1,X3,X6,mean,above_4,above_5",3,0.5959692307692308,0.07151175018275795,0.6648124615770357,0.07916701583564927,0.02,0.03044811158245264,0.0
"X1,X3,X6,mean,above_4,above_5",4,0.5931538461538461,0.08446178366224742,0.6532356297601838,0.09181780730429459,0.06,0.052593170896490404,0.0
"X1,X3,X6,mean,above_4,above_5",5,0.5910307692307692,0.09232283337360361,0.6336640871139054,0.10594382917430785,0.05,0.06612950951641883,0.0
"X1,X3,X6,mean,above_4,above_5",6,0.5891384615384614,0.09223838936892155,0.6281949025625714,0.1035329683240531,0.05,0.06336228644325725,0.0
"X1,X3,X6,F_w_mean,above_4,above_5",1,0.5908615384615384,0.076636642092687,0.5522325687259017,0.11988228654757917,0.04,0.03471890742860806,0.0
"X1,X3,X6,F_w_mean,above_4,above_5",2,0.5813846153846154,0.07147822112136365,0.5720669826064371,0.11806203827621055,0.02,0.018800856540540534,0.0
"X1,X3,X6,F_w_mean,above_4,above_5",3,0.605523076923077,0.0732476047228381,0.6504529629149777,0.10408577877693923,0.04,0.04462199346722029,0.0
"X1,X3,X6,F_w_mean,above_4,above_5",4,0.6049230769230768,0.09649208202485385,0.6401090600296402,0.11259391418285916,0.09,0.09744635871556839,0.0
"X1,X3,X6,F_w_mean,above_4,above_5",5,0.6389076923076923,0.09674520797575552,0.6778062927683907,0.09376155471103842,0.15,0.17320662344236082,0.0
"X1,X3,X6,F_w_mean,above_4,above_5",6,0.6352,0.09498733145053961,0.6664913782427133,0.09877455290703713,0.2,0.15913293262961625,0.0
"X1,X3,mean,F_w_mean,above_4,above_5",1,0.5920615384615384,0.07582656011540358,0.5535403837179271,0.12116882636055554,0.04,0.03444570779737077,0.0
"X1,X3,mean,F_w_mean,above_4,above_5",2,0.5861384615384615,0.07818518299675896,0.5718420616289808,0.11871841063320955,0.04,0.032883365918412566,0.0
"X1,X3,mean,F_w_mean,above_4,above_5",3,0.6015538461538462,0.0767075426577577,0.6630988711177126,0.10453243708614028,0.04,0.04701698890090589,0.0
"X1,X3,mean,F_w_mean,above_4,above_5",4,0.5949384615384615,0.08759922049854475,0.6200069332466257,0.11880800528611088,0.05,0.061559629942369076,0.0
"X1,X3,mean,F_w_mean,above_4,above_5",5,0.6012000000000001,0.08275195129896927,0.6377458198669541,0.09576060644798394,0.05,0.05979952023389179,0.0
"X1,X3,mean,F_w_mean,above_4,above_5",6,0.5998461538461538,0.08547548871809761,0.6287206929177147,0.09158604744123569,0.06,0.06391642121991459,0.0
"X1,X6,mean,F_w_mean,above_4,above_5",1,0.5908615384615384,0.076636642092687,0.5522325687259017,0.11988228654757917,0.04,0.03471890742860806,0.0
"X1,X6,mean,F_w_mean,above_4,above_5",2,0.5853076923076923,0.07777448053497502,0.572564932982137,0.11914560721189281,0.04,0.03141387375977922,0.0
"X1,X6,mean,F_w_mean,above_4,above_5",3,0.599923076923077,0.07800785122070089,0.6637480519626869,0.10245658656432384,0.05,0.047709000676713575,0.0
"X1,X6,mean,F_w_mean,above_4,above_5",4,0.5964307692307692,0.09302283997705321,0.6315895317743769,0.11654787127791581,0.07,0.07551886430359145,0.0
"X1,X6,mean,F_w_mean,above_4,above_5",5,0.6226,0.09395975343875797,0.6646855239522499,0.09505073165305898,0.12,0.12651045408285277,0.0
"X1,X6,mean,F_w_mean,above_4,above_5",6,0.6216461538461538,0.09261314973025472,0.6536036070083395,0.09629068651176163,0.11,0.12100817357526994,0.0
"X3,X6,mean,F_w_mean,above_4,above_5",1,0.5904615384615384,0.07731561383066059,0.5509635986892767,0.12038103128286154,0.04,0.03555375987572729,0.0
"X3,X6,mean,F_w_mean,above_4,above_5",2,0.5785846153846154,0.07548335135220843,0.5672456052307394,0.11792745034620343,0.04,0.022431105272032847,0.0
"X3,X6,mean,F_w_mean,above_4,above_5",3,0.5924153846153847,0.077470438721745,0.656438427756976,0.10204247468063406,0.02,0.03786952639874441,0.0
"X3,X6,mean,F_w_mean,above_4,above_5",4,0.5924461538461538,0.09419358010259711,0.633022530877303,0.1086827930650063,0.07,0.07209950310789714,0.0
"X3,X6,mean,F_w_mean,above_4,above_5",5,0.6119230769230769,0.09038703761075112,0.654469990185547,0.09545530052178673,0.09,0.09571712551670108,0.0
"X3,X6,mean,F_w_mean,above_4,above_5",6,0.6114153846153847,0.09008376903630856,0.6514533087236299,0.0831121679691662,0.11,0.09402299868775676,0.0
"X1,X3,X6,mean,F_w_mean,above_4,above_5",1,0.5908615384615384,0.076636642092687,0.5522325687259017,0.11988228654757917,0.04,0.03471890742860806,0.0
"X1,X3,X6,mean,F_w_mean,above_4,above_5",2,0.5845384615384616,0.07747261398171461,0.5709563280251944,0.1176854782316633,0.04,0.030218873156011128,0.0
"X1,X3,X6,mean,F_w_mean,above_4,above_5",3,0.5967384615384616,0.07394617585160791,0.6592206469406462,0.10133761515701421,0.02,0.03576150251968102,0.0
"X1,X3,X6,mean,F_w_mean,above_4,above_5",4,0.5956615384615386,0.08787871685305632,0.6303300539634056,0.1145151089115301,0.05,0.06317186157853794,0.0
"X1,X3,X6,mean,F_w_mean,above_4,above_5",5,0.6250615384615384,0.09450845615088456,0.6678221487103769,0.09274437445586782,0.12,0.13342184492058573,0.0
"X1,X3,X6,mean,F_w_mean,above_4,above_5",6,0.6172307692307691,0.09513888944077321,0.6502133324299803,0.09762850970562818,0.14,0.11794713124578615,0.0
